imdb_id,month,country,platform,streams,total_minutes
tt10855768,2026-05-01,Argentina,Netflix,7.0,799.0
tt10855768,2026-05-01,Brazil,Netflix,78.0,8547.0
tt10855768,2026-05-01,Colombia,Netflix,20.0,2349.0
tt10855768,2026-05-01,Mexico,Netflix,69.0,2527.0
tt11210390,2026-05-01,Argentina,Netflix,14.0,1591.0
tt11210390,2026-05-01,Brazil,Netflix,13.0,1392.0
tt11210390,2026-05-01,Colombia,Netflix,4.0,487.0
tt11210390,2026-05-01,Mexico,Netflix,15.0,1751.0
tt11214558,2026-05-01,Brazil,Amazon,7.0,903.0
tt11214558,2026-05-01,Colombia,Amazon,18.0,2156.0
tt11214558,2026-05-01,Mexico,Amazon,5.0,697.0
tt11274492,2026-05-01,Argentina,Netflix,11.0,1025.0
tt11274492,2026-05-01,Brazil,Netflix,56.0,5443.0
tt11274492,2026-05-01,Colombia,Netflix,16.0,671.0
tt11274492,2026-05-01,Mexico,Netflix,11.0,977.0
tt11426232,2026-05-01,Brazil,Amazon,67.0,7093.0
tt12042730,2026-05-01,Brazil,Amazon,83.0,12654.0
tt12042730,2026-05-01,Mexico,Amazon,34.0,5332.0
tt12747748,2026-05-01,Brazil,Netflix,163.0,17643.0
tt12747748,2026-05-01,Colombia,Netflix,52.0,5999.0
tt12747748,2026-05-01,Mexico,Netflix,43.0,4799.0
tt12823454,2026-05-01,Argentina,Netflix,67.0,5538.0
tt12823454,2026-05-01,Brazil,Netflix,70.0,2746.0
tt12823454,2026-05-01,Colombia,Netflix,68.0,7298.0
tt12823454,2026-05-01,Mexico,Netflix,59.0,6192.0
tt12908150,2026-05-01,Argentina,Amazon,160.0,11460.0
tt12908150,2026-05-01,Brazil,Amazon,631.0,58876.0
tt12908150,2026-05-01,Colombia,Amazon,140.0,15639.0
tt12908150,2026-05-01,Mexico,Amazon,492.0,42418.0
tt12921446,2026-05-01,Argentina,Netflix,35.0,3320.0
tt12921446,2026-05-01,Colombia,Netflix,72.0,7062.0
tt12921446,2026-05-01,Mexico,Netflix,63.0,6384.0
tt13097932,2026-05-01,Argentina,Amazon,16.0,1735.0
tt13097932,2026-05-01,Colombia,Amazon,16.0,1683.0
tt13186604,2026-05-01,Argentina,Netflix,15.0,757.0
tt13186604,2026-05-01,Brazil,Netflix,52.0,4534.0
tt13186604,2026-05-01,Colombia,Netflix,19.0,1191.0
tt13186604,2026-05-01,Mexico,Netflix,25.0,1940.0
tt13238346,2026-05-01,Argentina,Netflix,7.0,182.0
tt13238346,2026-05-01,Brazil,Netflix,69.0,4825.0
tt13238346,2026-05-01,Colombia,Netflix,16.0,1562.0
tt13603966,2026-05-01,Argentina,Netflix,35.0,3236.0
tt13603966,2026-05-01,Brazil,Netflix,48.0,4901.0
tt13603966,2026-05-01,Colombia,Netflix,31.0,3296.0
tt13603966,2026-05-01,Mexico,Netflix,93.0,11125.0
tt13929998,2026-05-01,Argentina,Amazon,7.0,814.0
tt13929998,2026-05-01,Colombia,Amazon,37.0,3452.0
tt13929998,2026-05-01,Mexico,Amazon,28.0,2944.0
tt14230458,2026-05-01,Brazil,Amazon,19.0,2560.0
tt14230458,2026-05-01,Brazil,Disney+,49.0,7009.0
tt14230458,2026-05-01,Colombia,Disney+,17.0,2520.0
tt14539318,2026-05-01,Colombia,HBO Max,21.0,630.0
tt14539318,2026-05-01,Mexico,HBO Max,21.0,1993.0
tt14873054,2026-05-01,Argentina,Amazon,32.0,3443.0
tt14873054,2026-05-01,Colombia,Amazon,5.0,575.0
tt14873054,2026-05-01,Mexico,Amazon,9.0,1010.0
tt14914430,2026-05-01,Colombia,Netflix,4.0,397.0
tt14914430,2026-05-01,Mexico,Netflix,7.0,0.0
tt15257160,2026-05-01,Argentina,Netflix,54.0,6642.0
tt15257160,2026-05-01,Brazil,Netflix,9.0,1075.0
tt15257160,2026-05-01,Colombia,Netflix,20.0,1248.0
tt15257160,2026-05-01,Mexico,Netflix,18.0,1849.0
tt15685360,2026-05-01,Argentina,HBO Max,15.0,1600.0
tt15685360,2026-05-01,Brazil,HBO Max,33.0,2593.0
tt17067574,2026-05-01,Argentina,Netflix,18.0,1003.0
tt17067574,2026-05-01,Brazil,Netflix,8.0,23.0
tt17067574,2026-05-01,Colombia,Netflix,3.0,286.0
tt18260564,2026-05-01,Argentina,Netflix,7.0,2.0
tt18260564,2026-05-01,Brazil,Netflix,30.0,1313.0
tt18260564,2026-05-01,Colombia,Netflix,3.0,336.0
tt18260564,2026-05-01,Mexico,Netflix,38.0,3287.0
tt18274520,2026-05-01,Colombia,Amazon,56.0,1945.0
tt18392014,2026-05-01,Argentina,Amazon,59.0,7388.0
tt18392014,2026-05-01,Brazil,Amazon,268.0,28064.0
tt18392014,2026-05-01,Colombia,Amazon,59.0,5769.0
tt18392014,2026-05-01,Mexico,Amazon,120.0,14660.0
tt18394190,2026-05-01,Argentina,Netflix,23.0,165.0
tt18394190,2026-05-01,Brazil,Netflix,8.0,867.0
tt18394190,2026-05-01,Colombia,Netflix,3.0,334.0
tt18394190,2026-05-01,Mexico,Netflix,23.0,478.0
tt19121700,2026-05-01,Argentina,Netflix,38.0,2617.0
tt19121700,2026-05-01,Brazil,Netflix,9.0,971.0
tt19121700,2026-05-01,Colombia,Netflix,29.0,3002.0
tt19121700,2026-05-01,Mexico,Netflix,4.0,178.0
tt20048582,2026-05-01,Argentina,Amazon,25.0,2650.0
tt20048582,2026-05-01,Brazil,Amazon,21.0,2197.0
tt20048582,2026-05-01,Colombia,Amazon,30.0,3354.0
tt20048582,2026-05-01,Mexico,Amazon,10.0,1036.0
tt20672534,2026-05-01,Argentina,Netflix,14.0,1725.0
tt20672534,2026-05-01,Brazil,Netflix,88.0,8379.0
tt20672534,2026-05-01,Colombia,Netflix,9.0,922.0
tt20672534,2026-05-01,Mexico,Netflix,42.0,5272.0
tt21051906,2026-05-01,Argentina,Netflix,27.0,3098.0
tt21051906,2026-05-01,Brazil,Netflix,14.0,1500.0
tt21051906,2026-05-01,Colombia,Netflix,17.0,1926.0
tt21051906,2026-05-01,Mexico,Netflix,54.0,4478.0
tt21187592,2026-05-01,Argentina,Amazon,39.0,4320.0
tt21187592,2026-05-01,Brazil,Amazon,118.0,8266.0
tt21187592,2026-05-01,Colombia,Amazon,30.0,3381.0
tt21187592,2026-05-01,Mexico,Amazon,64.0,7199.0
tt21245882,2026-05-01,Brazil,Netflix,122.0,10378.0
tt21245882,2026-05-01,Colombia,Netflix,25.0,2352.0
tt21245882,2026-05-01,Mexico,Netflix,39.0,3263.0
tt21905744,2026-05-01,Colombia,HBO Max,7.0,539.0
tt21909764,2026-05-01,Argentina,Amazon,22.0,2715.0
tt21909764,2026-05-01,Brazil,Amazon,183.0,20491.0
tt21909764,2026-05-01,Colombia,Amazon,119.0,11992.0
tt21909764,2026-05-01,Mexico,Amazon,199.0,18903.0
tt21940010,2026-05-01,Colombia,Amazon,21.0,1944.0
tt21940010,2026-05-01,Mexico,Amazon,30.0,3732.0
tt21957774,2026-05-01,Brazil,Netflix,13.0,1193.0
tt21957774,2026-05-01,Colombia,Netflix,12.0,1.0
tt21957774,2026-05-01,Mexico,Netflix,24.0,2220.0
tt22740896,2026-05-01,Argentina,Netflix,134.0,14781.0
tt22740896,2026-05-01,Brazil,Netflix,346.0,35307.0
tt22740896,2026-05-01,Colombia,Netflix,97.0,10195.0
tt22740896,2026-05-01,Mexico,Netflix,294.0,28501.0
tt22898462,2026-05-01,Argentina,HBO Max,13.0,1123.0
tt22898462,2026-05-01,Brazil,HBO Max,44.0,3481.0
tt22898462,2026-05-01,Colombia,HBO Max,38.0,5053.0
tt22898462,2026-05-01,Mexico,HBO Max,86.0,7613.0
tt23476986,2026-05-01,Argentina,Amazon,19.0,2164.0
tt23476986,2026-05-01,Brazil,Amazon,128.0,7536.0
tt23476986,2026-05-01,Colombia,Amazon,6.0,639.0
tt24079806,2026-05-01,Brazil,Netflix,8.0,918.0
tt24079806,2026-05-01,Colombia,Netflix,4.0,3.0
tt24458622,2026-05-01,Argentina,Netflix,27.0,3496.0
tt24458622,2026-05-01,Brazil,Netflix,44.0,5514.0
tt24458622,2026-05-01,Colombia,Netflix,35.0,3608.0
tt24458622,2026-05-01,Mexico,Netflix,4.0,560.0
tt2560078,2026-05-01,Argentina,Disney+,3.0,205.0
tt2560078,2026-05-01,Colombia,Disney+,7.0,869.0
tt26350277,2026-05-01,Argentina,Netflix,23.0,1516.0
tt26350277,2026-05-01,Brazil,Netflix,77.0,5542.0
tt26350277,2026-05-01,Colombia,Netflix,6.0,434.0
tt26350277,2026-05-01,Mexico,Netflix,32.0,2685.0
tt26581740,2026-05-01,Argentina,HBO Max,61.0,4208.0
tt26581740,2026-05-01,Brazil,HBO Max,117.0,12666.0
tt26581740,2026-05-01,Colombia,Amazon,18.0,2400.0
tt26581740,2026-05-01,Colombia,HBO Max,57.0,4375.0
tt26581740,2026-05-01,Mexico,Amazon,34.0,4183.0
tt26581740,2026-05-01,Mexico,HBO Max,380.0,23298.0
tt26595906,2026-05-01,Argentina,Netflix,66.0,7164.0
tt26595906,2026-05-01,Brazil,Netflix,232.0,20554.0
tt26595906,2026-05-01,Colombia,Netflix,115.0,8122.0
tt26595906,2026-05-01,Mexico,Netflix,248.0,21009.0
tt26596953,2026-05-01,Argentina,Netflix,58.0,8138.0
tt26596953,2026-05-01,Brazil,Netflix,157.0,11489.0
tt26596953,2026-05-01,Colombia,Netflix,19.0,1289.0
tt26596953,2026-05-01,Mexico,Netflix,68.0,9300.0
tt27534307,2026-05-01,Argentina,HBO Max,16.0,1765.0
tt27534307,2026-05-01,Colombia,HBO Max,4.0,469.0
tt27534307,2026-05-01,Mexico,Amazon,34.0,3604.0
tt27534307,2026-05-01,Mexico,HBO Max,57.0,6208.0
tt27604215,2026-05-01,Argentina,Netflix,136.0,8703.0
tt27604215,2026-05-01,Brazil,Netflix,836.0,56135.0
tt27604215,2026-05-01,Colombia,Netflix,129.0,8779.0
tt27604215,2026-05-01,Mexico,Netflix,359.0,22206.0
tt27714278,2026-05-01,Argentina,Amazon,22.0,2316.0
tt27714278,2026-05-01,Brazil,Amazon,11.0,1154.0
tt27714278,2026-05-01,Colombia,Amazon,4.0,502.0
tt27714278,2026-05-01,Mexico,Amazon,16.0,1805.0
tt28066777,2026-05-01,Argentina,Netflix,24.0,2110.0
tt28066777,2026-05-01,Brazil,Netflix,143.0,8810.0
tt28066777,2026-05-01,Colombia,Netflix,17.0,1390.0
tt28066777,2026-05-01,Mexico,Netflix,42.0,388.0
tt28443655,2026-05-01,Brazil,Amazon,11.0,1107.0
tt28443655,2026-05-01,Colombia,HBO Max,35.0,2320.0
tt28607951,2026-05-01,Argentina,HBO Max,10.0,380.0
tt28607951,2026-05-01,Brazil,Amazon,83.0,10843.0
tt28607951,2026-05-01,Colombia,HBO Max,8.0,503.0
tt28607951,2026-05-01,Mexico,HBO Max,2.0,332.0
tt28657882,2026-05-01,Brazil,Netflix,30.0,1974.0
tt28657882,2026-05-01,Colombia,Netflix,3.0,83.0
tt28657882,2026-05-01,Mexico,Netflix,51.0,4850.0
tt28996126,2026-05-01,Brazil,Amazon,91.0,6849.0
tt29232158,2026-05-01,Argentina,Netflix,7.0,734.0
tt29232158,2026-05-01,Brazil,Netflix,38.0,3844.0
tt29232158,2026-05-01,Colombia,Netflix,10.0,1228.0
tt29232158,2026-05-01,Mexico,Netflix,80.0,6621.0
tt29623480,2026-05-01,Argentina,HBO Max,32.0,2369.0
tt29623480,2026-05-01,Colombia,HBO Max,39.0,3660.0
tt29623480,2026-05-01,Mexico,HBO Max,209.0,9751.0
tt29768334,2026-05-01,Argentina,Netflix,14.0,962.0
tt29768334,2026-05-01,Brazil,Netflix,94.0,7903.0
tt29768334,2026-05-01,Colombia,Netflix,8.0,534.0
tt29768334,2026-05-01,Mexico,Netflix,22.0,1229.0
tt30788842,2026-05-01,Colombia,Amazon,5.0,432.0
tt30788842,2026-05-01,Colombia,HBO Max,17.0,393.0
tt30788842,2026-05-01,Mexico,HBO Max,334.0,18291.0
tt30840798,2026-05-01,Argentina,HBO Max,3.0,345.0
tt30840798,2026-05-01,Brazil,Amazon,34.0,3452.0
tt30840798,2026-05-01,Colombia,Amazon,5.0,575.0
tt30840798,2026-05-01,Colombia,HBO Max,16.0,171.0
tt31116965,2026-05-01,Argentina,Netflix,786.0,71368.0
tt31116965,2026-05-01,Brazil,Netflix,957.0,94314.0
tt31116965,2026-05-01,Colombia,Netflix,599.0,58293.0
tt31116965,2026-05-01,Mexico,Netflix,1462.0,147307.0
tt31121295,2026-05-01,Argentina,Amazon,15.0,1525.0
tt31121295,2026-05-01,Colombia,Amazon,10.0,1097.0
tt31434639,2026-05-01,Argentina,Amazon,30.0,1609.0
tt31434639,2026-05-01,Brazil,Amazon,48.0,3231.0
tt31434639,2026-05-01,Colombia,Amazon,28.0,1581.0
tt31434639,2026-05-01,Mexico,Amazon,155.0,6136.0
tt31487553,2026-05-01,Mexico,Netflix,6.0,193.0
tt31923069,2026-05-01,Brazil,Disney+,107.0,11885.0
tt31923069,2026-05-01,Colombia,Disney+,20.0,755.0
tt31923069,2026-05-01,Mexico,Disney+,63.0,7563.0
tt32138523,2026-05-01,Colombia,Netflix,7.0,477.0
tt32221196,2026-05-01,Brazil,HBO Max,48.0,4394.0
tt32221196,2026-05-01,Colombia,HBO Max,4.0,176.0
tt32221196,2026-05-01,Mexico,HBO Max,145.0,4743.0
tt32237537,2026-05-01,Argentina,Netflix,7.0,229.0
tt32237537,2026-05-01,Colombia,Netflix,21.0,1183.0
tt32237537,2026-05-01,Mexico,Netflix,11.0,1449.0
tt32244931,2026-05-01,Argentina,Netflix,11.0,533.0
tt32244931,2026-05-01,Colombia,Netflix,4.0,633.0
tt32244931,2026-05-01,Mexico,Netflix,4.0,437.0
tt32276312,2026-05-01,Brazil,Netflix,117.0,7956.0
tt32430579,2026-05-01,Argentina,Amazon,247.0,32997.0
tt32430579,2026-05-01,Brazil,Amazon,1756.0,205499.0
tt32430579,2026-05-01,Colombia,Amazon,337.0,44587.0
tt32430579,2026-05-01,Mexico,Amazon,504.0,51118.0
tt32606470,2026-05-01,Argentina,Netflix,53.0,4682.0
tt32606470,2026-05-01,Brazil,Netflix,117.0,14444.0
tt32606470,2026-05-01,Colombia,Netflix,104.0,10326.0
tt32606470,2026-05-01,Mexico,Netflix,142.0,12684.0
tt32743167,2026-05-01,Mexico,Disney+,28.0,80.0
tt32897959,2026-05-01,Argentina,HBO Max,593.0,59746.0
tt32897959,2026-05-01,Brazil,Amazon,52.0,6893.0
tt32897959,2026-05-01,Brazil,HBO Max,2097.0,217983.0
tt32897959,2026-05-01,Colombia,Amazon,23.0,3164.0
tt32897959,2026-05-01,Colombia,HBO Max,586.0,58991.0
tt32897959,2026-05-01,Mexico,HBO Max,2144.0,190900.0
tt33014583,2026-05-01,Brazil,Netflix,35.0,7495.0
tt33014583,2026-05-01,Colombia,Netflix,4.0,930.0
tt33014583,2026-05-01,Mexico,Netflix,38.0,7760.0
tt33549683,2026-05-01,Argentina,Netflix,33.0,4016.0
tt33549683,2026-05-01,Brazil,Netflix,216.0,17374.0
tt33549683,2026-05-01,Colombia,Netflix,51.0,3552.0
tt33549683,2026-05-01,Mexico,Netflix,152.0,17483.0
tt34433451,2026-05-01,Brazil,Netflix,8.0,16.0
tt34433451,2026-05-01,Mexico,Netflix,7.0,322.0
tt34682220,2026-05-01,Argentina,Netflix,320.0,31389.0
tt34682220,2026-05-01,Brazil,Netflix,17.0,570.0
tt34896285,2026-05-01,Argentina,Netflix,23.0,1176.0
tt34896285,2026-05-01,Colombia,Netflix,3.0,381.0
tt34906817,2026-05-01,Argentina,Amazon,269.0,24736.0
tt34906817,2026-05-01,Brazil,Amazon,1116.0,91657.0
tt34906817,2026-05-01,Colombia,Amazon,246.0,21517.0
tt34906817,2026-05-01,Mexico,Amazon,481.0,37126.0
tt35301431,2026-05-01,Argentina,Netflix,22.0,2954.0
tt35301431,2026-05-01,Brazil,Netflix,55.0,6421.0
tt35301431,2026-05-01,Mexico,Netflix,4.0,286.0
tt35628886,2026-05-01,Brazil,Netflix,59.0,5392.0
tt35628886,2026-05-01,Mexico,Netflix,4.0,209.0
tt35630700,2026-05-01,Brazil,Netflix,62.0,4384.0
tt35630700,2026-05-01,Colombia,Netflix,4.0,383.0
tt35630700,2026-05-01,Mexico,Netflix,49.0,4384.0
tt36331860,2026-05-01,Argentina,Amazon,36.0,3523.0
tt36331860,2026-05-01,Brazil,Amazon,582.0,31068.0
tt36331860,2026-05-01,Colombia,Amazon,63.0,6484.0
tt36331860,2026-05-01,Mexico,Amazon,325.0,15243.0
tt36351149,2026-05-01,Mexico,Netflix,4.0,356.0
tt38095263,2026-05-01,Argentina,Netflix,45.0,4349.0
tt38095263,2026-05-01,Brazil,Netflix,29.0,3030.0
tt38095263,2026-05-01,Colombia,Netflix,11.0,873.0
tt38095263,2026-05-01,Mexico,Netflix,4.0,456.0
tt38589464,2026-05-01,Argentina,Netflix,87.0,8580.0
tt38589464,2026-05-01,Brazil,Netflix,392.0,34264.0
tt38589464,2026-05-01,Colombia,Netflix,93.0,8188.0
tt38589464,2026-05-01,Mexico,Netflix,104.0,10442.0
tt38872297,2026-05-01,Argentina,Netflix,19.0,2744.0
tt38872297,2026-05-01,Brazil,Netflix,98.0,3548.0
tt38872297,2026-05-01,Colombia,Netflix,11.0,875.0
tt38872297,2026-05-01,Mexico,Netflix,66.0,3174.0
tt39049795,2026-05-01,Argentina,Netflix,6.0,678.0
tt39049795,2026-05-01,Brazil,Netflix,75.0,6776.0
tt39049795,2026-05-01,Colombia,Netflix,37.0,3074.0
tt39049795,2026-05-01,Mexico,Netflix,11.0,1132.0
tt39139925,2026-05-01,Argentina,Netflix,36.0,8723.0
tt39139925,2026-05-01,Brazil,Netflix,17.0,3905.0
tt39139925,2026-05-01,Colombia,Netflix,10.0,2745.0
tt39139925,2026-05-01,Mexico,Netflix,52.0,7597.0
tt39162904,2026-05-01,Argentina,Netflix,31.0,3063.0
tt39162904,2026-05-01,Brazil,Netflix,19.0,1858.0
tt39162904,2026-05-01,Mexico,Netflix,27.0,1875.0
tt40792117,2026-05-01,Argentina,Netflix,1079.0,88367.0
tt40792117,2026-05-01,Brazil,Netflix,1404.0,108345.0
tt40792117,2026-05-01,Colombia,Netflix,880.0,71143.0
tt40792117,2026-05-01,Mexico,Netflix,2627.0,202199.0
tt4196566,2026-05-01,Argentina,Netflix,39.0,3240.0
tt4196566,2026-05-01,Brazil,Netflix,43.0,2572.0
tt4196566,2026-05-01,Colombia,Netflix,4.0,119.0
tt4196566,2026-05-01,Mexico,Netflix,38.0,2153.0
tt4978342,2026-05-01,Argentina,Netflix,85.0,6452.0
tt4978342,2026-05-01,Brazil,Netflix,208.0,12951.0
tt4978342,2026-05-01,Colombia,Netflix,50.0,5224.0
tt4978342,2026-05-01,Mexico,Netflix,114.0,6067.0
tt4996328,2026-05-01,Argentina,Amazon,54.0,6263.0
tt4996328,2026-05-01,Brazil,Amazon,53.0,5979.0
tt4996328,2026-05-01,Colombia,Amazon,5.0,1.0
tt4996328,2026-05-01,Mexico,Amazon,55.0,6214.0
tt5198890,2026-05-01,Argentina,Netflix,68.0,5874.0
tt5198890,2026-05-01,Colombia,HBO Max,3.0,224.0
tt5198890,2026-05-01,Colombia,Netflix,10.0,1150.0
tt5198890,2026-05-01,Mexico,Netflix,32.0,2465.0
tt6436620,2026-05-01,Colombia,Disney+,5.0,15.0
tt7038762,2026-05-01,Brazil,Netflix,13.0,234.0
tt9044418,2026-05-01,Argentina,Amazon,7.0,737.0
tt9044418,2026-05-01,Brazil,Amazon,7.0,818.0
tt9603208,2026-05-01,Argentina,Netflix,173.0,30333.0
tt9603208,2026-05-01,Brazil,Netflix,568.0,97986.0
tt9603208,2026-05-01,Colombia,Netflix,207.0,36708.0
tt9603208,2026-05-01,Mexico,Netflix,307.0,45456.0
tt9619824,2026-05-01,Argentina,HBO Max,60.0,6214.0
tt9619824,2026-05-01,Brazil,Amazon,30.0,3105.0
tt9619824,2026-05-01,Brazil,HBO Max,51.0,1755.0
tt9619824,2026-05-01,Colombia,HBO Max,47.0,3804.0
tt9619824,2026-05-01,Mexico,Amazon,10.0,1098.0
tt9619824,2026-05-01,Mexico,HBO Max,253.0,19181.0
