TITLE_ID,ORIGINAL_TITLE,YEAR,RUNTIME_MINUTES,RATING_VALUE,RATING_VOTE_COUNT,IMDB_URL,IMAGE_URL,PRIMARY_GENRE,GENRES,DIRECTORS,PRINCIPAL_CAST,CAST_NAMES,PLOT_SUMMARY
tt10855768,Missing,2023,111.0,7.0,73044.0,https://www.imdb.com/title/tt10855768/,https://m.media-amazon.com/images/M/MV5BMGVkMGU0NDktNTFlMC00ZWI5LWI5OGUtYmVjZTEzOTM4MTI5XkEyXkFqcGc@._V1_.jpg,Drama,"Drama, Mystery, Thriller","Nicholas D. Johnson, Will Merrick","Tim Griffin, Ava Zaria Lee, Nia Long, Kimberly Cheng, Storm Reid, Ken Leung, Amy Landecker, Megan Suri","Tim Griffin, Ava Zaria Lee, Nia Long, Kimberly Cheng, Storm Reid, Ken Leung, Amy Landecker, Megan Suri, Lisa Yamada, Sharar Ali-Speakes","From the minds behind Searching comes Missing, a thrilling roller-coaster mystery that makes you wonder how well you know those closest to you. When her mother (Nia Long) disappears while on vacation in Colombia with her new boyfriend, June's (Storm Reid) search for answers is hindered by international red tape. Stuck thousands of miles away in Los Angeles, June creatively uses all the latest technology at her fingertips to try to find her before it's too late. But, as she digs deeper, her digital sleuthing raises more questions than answers,... and, when June unravels secrets about her mom, she discovers that she never really knew her at all."
tt11210390,Astérix & Obélix : L'empire du milieu,2023,112.0,5.0,13973.0,https://www.imdb.com/title/tt11210390/,https://m.media-amazon.com/images/M/MV5BNmRjZjg4MDAtYTkzNy00OWI5LTkzNTgtMDUxMTgxNjkzZDliXkEyXkFqcGc@._V1_.jpg,Adventure,"Adventure, Comedy, Family",Guillaume Canet,"Guillaume Canet, Gilles Lellouche, Vincent Cassel, Jonathan Cohen, Marion Cotillard, Julie Chen, Leanna Chea, José Garcia","Guillaume Canet, Gilles Lellouche, Vincent Cassel, Jonathan Cohen, Marion Cotillard, Julie Chen, Leanna Chea, José Garcia, Zlatan Ibrahimovic, Ramzy Bedia",The only daughter of the Chinese emperor Han Xuandi escapes from a strict prince and seeks help from the Gauls and the two brave warriors Asterix and Obelix.
tt11214558,The Smashing Machine,2025,123.0,6.0,77584.0,https://www.imdb.com/title/tt11214558/,https://m.media-amazon.com/images/M/MV5BOWYxZTM1ZGMtMjg5MC00NzcyLTk0ZTEtZWI0ZThkNDJiYjZmXkEyXkFqcGc@._V1_.jpg,Action,"Action, Biography, Drama, History, Sport",Benny Safdie,"Dwayne Johnson, Kenny Rice, Jerin Valel, Andre Tricoteux, James McSweeney, Jonathan Corbblah, Ryan Bader, Ilan Rosenberg","Dwayne Johnson, Kenny Rice, Jerin Valel, Andre Tricoteux, James McSweeney, Jonathan Corbblah, Ryan Bader, Ilan Rosenberg, Emily Blunt, Bas Rutten","Dwayne ""THE ROCK"" Johnson will portray former MMA/UFC champion Mark Kerr aka ""The Smashing Machine"" in a story based on the true events surrounding Kerr's life and rise through the MMA world which was unfortunately derailed by his opioid addiction."
tt11274492,The Out-Laws,2023,95.0,5.0,42362.0,https://www.imdb.com/title/tt11274492/,https://m.media-amazon.com/images/M/MV5BMDZmMTczYTgtYzA5MS00ODI5LTk0OWYtYzlkN2ZlYTJjNzBhXkEyXkFqcGc@._V1_.jpg,Action,"Action, Comedy, Crime, Romance",Tyler Spindel,"Adam Devine, Pierce Brosnan, Ellen Barkin, Nina Dobrev, Michael Rooker, Poorna Jagannathan, Richard Kind, Julie Hagerty","Adam Devine, Pierce Brosnan, Ellen Barkin, Nina Dobrev, Michael Rooker, Poorna Jagannathan, Richard Kind, Julie Hagerty, Blake Anderson, Lauren Lapkus","A straight-laced bank manager about to marry the love of his life. When his bank is held up by infamous Ghost Bandits during his wedding week, he believes his future in-laws who just arrived in town, are the infamous Out-Laws."
tt11426232,Totally Killer,2023,106.0,7.0,70655.0,https://www.imdb.com/title/tt11426232/,https://m.media-amazon.com/images/M/MV5BM2IwZDI2ZDQtMTU5MC00MDY2LWEwOGYtNGU0ZjNkMzkwMmEyXkEyXkFqcGc@._V1_.jpg,Comedy,"Comedy, Horror, Mystery, Sci-Fi",Nahnatchka Khan,"Kiernan Shipka, Olivia Holt, Charlie Gillespie, Lochlyn Munro, Troy Leigh-Anne Johnson, Liana Liberato, Kelcey Mawema, Stephi Chin-Salvo","Kiernan Shipka, Olivia Holt, Charlie Gillespie, Lochlyn Munro, Troy Leigh-Anne Johnson, Liana Liberato, Kelcey Mawema, Stephi Chin-Salvo, Anna Diaz, Ella Choi","35 years after the shocking murder of three teens, the infamous ""Sweet Sixteen Killer"" returns on Halloween night to claim a fourth victim. 17-year-old Jamie ignores her overprotective mom's warning and comes face to face with the masked maniac and on the run for her life, accidentally time travels back to 1987, the year of the original killings. Forced to navigate the unfamiliar and outrageous culture of the 1980s, Jamie teams up with her teen mom to take down the killer once and for all before she's stuck in the past forever."
tt12042730,Project Hail Mary,2026,156.0,8.0,540285.0,https://www.imdb.com/title/tt12042730/,https://m.media-amazon.com/images/M/MV5BNTkwNzJiYTctNzI3NC00NjE1LTlhYjktY2Q5MTdmMWFmNzcxXkEyXkFqcGc@._V1_.jpg,Adventure,"Adventure, Comedy, Drama, Sci-Fi","Christopher Miller, Phil Lord","Ryan Gosling, Sandra Hüller, James Ortiz, Lionel Boyce, Milana Vayntrub, Ken Leung, Priya Kansara, Mia Soteriou","Ryan Gosling, Sandra Hüller, James Ortiz, Lionel Boyce, Milana Vayntrub, Ken Leung, Priya Kansara, Mia Soteriou, Annelle Olaleye, Maya Eva Hosein","Middle school science teacher Ryland Grace (Ryan Gosling) wakes up on a spaceship light-years from home with no recollection of who he is or how he got there. As his memory returns, he begins to uncover his mission: to solve the riddle of the mysterious substance that is causing the sun to die out. He must call on his scientific knowledge and unorthodox ideas to save everything on Earth from extinction... but an unexpected friendship means he may not have to do it alone."
tt12747748,Leave the World Behind,2023,138.0,6.0,247108.0,https://www.imdb.com/title/tt12747748/,https://m.media-amazon.com/images/M/MV5BZjI0YzhjZjAtMzg3ZS00NTFhLWFkYjctMjE5ZGExNTk1MmJkXkEyXkFqcGc@._V1_.jpg,Drama,"Drama, Mystery, Thriller",Sam Esmail,"Julia Roberts, Mahershala Ali, Ethan Hawke, Myha'la, Farrah Mackenzie, Charlie Evans, Kevin Bacon, Alexis Rae Forlenza","Julia Roberts, Mahershala Ali, Ethan Hawke, Myha'la, Farrah Mackenzie, Charlie Evans, Kevin Bacon, Alexis Rae Forlenza, Vanessa Aspillaga, Josh Drennen","Bearing grim news of an unknown enemy and the shocking certainty that the city succumbs to chaos, a sharp-dressed stranger and his young companion disrupt Amanda's and Clay's much-needed family vacation. But the information the unwanted couple brings is inconceivable. Now, a complex, multilevel mystery unfolds before everyone's eyes, whether they like it or not. After all, the unsuspecting tourists have already encountered a series of mysterious, logic-defying incidents during their brief stay. As a result, vague disbelief and a palpable sense of threat ratchet up the tension, rendering modern technology unreliable. And the question remains: in a rapidly disintegrating world where nothing makes sense, what can you do to protect your own and what used to be your cherished ordinary life?"
tt12823454,Your Place or Mine,2023,109.0,6.0,45264.0,https://www.imdb.com/title/tt12823454/,https://m.media-amazon.com/images/M/MV5BYjRiMjBkNGMtYTRkMi00MWRiLWE3OTUtZjljZTQ0NTBjOTE1XkEyXkFqcGc@._V1_.jpg,Comedy,"Comedy, Romance",Aline Brosh McKenna,"Reese Witherspoon, Ashton Kutcher, Zoë Chao, Jesse Williams, Wesley Kimmel, Tig Notaro, Steve Zahn, Rachel Bloom","Reese Witherspoon, Ashton Kutcher, Zoë Chao, Jesse Williams, Wesley Kimmel, Tig Notaro, Steve Zahn, Rachel Bloom, Griffin Matthews, Vella Lovell","Debbie and Peter have a romantic relationship going even though they are based in two different cities, she is in Los Angeles and he is in New York. Due to certain circumstances Debbie has to move temporarily to New York for a week and asks Peter to come down to Los Angeles to look after her teen aged son."
tt12908150,The Life of Chuck,2024,111.0,7.0,78388.0,https://www.imdb.com/title/tt12908150/,https://m.media-amazon.com/images/M/MV5BZDhlMzJhMTgtN2FhZS00OWQ1LTk3Y2ItZGNiNTQ0ZmUzYmIzXkEyXkFqcGc@._V1_.jpg,Drama,"Drama, Fantasy, Sci-Fi",Mike Flanagan,"Tom Hiddleston, Jacob Tremblay, Benjamin Pajak, Cody Flanagan, Chiwetel Ejiofor, Karen Gillan, Mia Sara, Carl Lumbly","Tom Hiddleston, Jacob Tremblay, Benjamin Pajak, Cody Flanagan, Chiwetel Ejiofor, Karen Gillan, Mia Sara, Carl Lumbly, Mark Hamill, David Dastmalchian","A life-affirming, genre-bending story about three chapters in the life of an ordinary man named Charles Krantz."
tt12921446,The Exorcist: Believer,2023,111.0,5.0,51312.0,https://www.imdb.com/title/tt12921446/,https://m.media-amazon.com/images/M/MV5BYjMxN2E4NTctYjYxZi00OTM5LTk3YTAtZmI0MjljN2VhNmY5XkEyXkFqcGc@._V1_.jpg,Horror,Horror,David Gordon Green,"Lafortune Joseph, Leslie Odom Jr., Gastner Legerme, Tracey Nicole Graves, Marie Michelle Bazile, Rodrigue Lucien Louissaint, Albert Wollf II Saint Felix Nolasco, Viergeue Charles","Lafortune Joseph, Leslie Odom Jr., Gastner Legerme, Tracey Nicole Graves, Marie Michelle Bazile, Rodrigue Lucien Louissaint, Albert Wollf II Saint Felix Nolasco, Viergeue Charles, Prince Jayden Constant Felix, Jake Arsene Joseph","When single father Victor Fielding's daughter, Angela, and her friend Katherine, show signs of demonic possession, it unleashes a chain of events that forces him to confront the nature of evil. Terrified and desperate, he seeks out Chris MacNeil, the only person alive who's witnessed anything like it before."
tt13097932,One Life,2023,109.0,8.0,41453.0,https://www.imdb.com/title/tt13097932/,https://m.media-amazon.com/images/M/MV5BOTFmYTFhMTUtODI5NS00NTVkLTk1NjItY2ZkZGU2MmViMGY1XkEyXkFqcGc@._V1_.jpg,Biography,"Biography, Drama, History, War",James Hawes,"Anthony Hopkins, Lena Olin, Johnny Flynn, Helena Bonham Carter, Tim Steed, Matilda Thorpe, Daniel Brown, Alex Sharp","Anthony Hopkins, Lena Olin, Johnny Flynn, Helena Bonham Carter, Tim Steed, Matilda Thorpe, Daniel Brown, Alex Sharp, Jirí Simek, Romola Garai","The true story of Sir Nicholas 'Nicky' Winton, a young London broker who, in the months leading up to World War II, rescued 669 predominantly Jewish children from the Nazis. Nicky visited Prague in December 1938 and found families who had fled the rise of the Nazis in Germany and Austria, living in desperate conditions with little or no shelter and food, and under threat of Nazi invasion. He immediately realized it was a race against time. How many children could he and the team rescue before the borders closed? Fifty years later, it's 1988 and Nicky lives haunted by the fate of the children he wasn't able to bring to safety in England; always blaming himself for not doing more. It's not until a live BBC television show, 'That's Life', surprises him by introducing him to some surviving children - now adults - that he finally begins to come to terms with the guilt and grief he had carried for five decades."
tt13186604,Uglies,2024,100.0,5.0,38049.0,https://www.imdb.com/title/tt13186604/,https://m.media-amazon.com/images/M/MV5BOGEyYmQxNjQtNDlkYy00MDlkLTgyNDUtZDA0NGY3ZTNlZWU0XkEyXkFqcGc@._V1_.jpg,Action,"Action, Adventure, Drama, Fantasy, Sci-Fi",McG,"Joey King, Brianne Tju, Keith Powers, Chase Stokes, Laverne Cox, Charmin Lee, Jay DeVon Johnson, Jan Luis Castellanos","Joey King, Brianne Tju, Keith Powers, Chase Stokes, Laverne Cox, Charmin Lee, Jay DeVon Johnson, Jan Luis Castellanos, Sarah Vattano, Ashton Essex Bright","In a future post scarcity dystopian world in which everyone is considered an ""ugly,"" but then turned ""Pretty"" by extreme cosmetic surgery when they reach the age of 16. It tells the story of teenager Tally Youngblood who rebels against society's enforced conformity."
tt13238346,Past Lives,2023,105.0,8.0,177785.0,https://www.imdb.com/title/tt13238346/,https://m.media-amazon.com/images/M/MV5BYjQyMTNhNjUtN2VmYy00NWRhLTkwOTctMGVmNTBmNDIxYjZhXkEyXkFqcGc@._V1_.jpg,Drama,"Drama, Romance",Celine Song,"Greta Lee, Teo Yoo, John Magaro, Moon Seung-ah, Leem Seung-min, Yun Ji-hye, Choi Won-young, Ahn Min-yeong","Greta Lee, Teo Yoo, John Magaro, Moon Seung-ah, Leem Seung-min, Yun Ji-hye, Choi Won-young, Ahn Min-yeong, Seo Yeon-Woo, Chang Ki-ha","In Korea, Na Young, a girl and Hae Sung, a boy are school mates and good friends. They often walk back home together after school. Na Young moves to Canada and then to New York with her parents. Hae Sung continues living in Korea, does his engineering course, goes through a short spell of military service and then takes up a job. Both keep in touch periodically through video chats where they talk of their past and general stuff. Meanwhile in New York, Na has changed her name to Nora, made a name as a playwright and is happily married to Arthur, an American. Hae is keen to meet Nora and visits her in New York where he spends some time with her and Arthur. What has the future in store for Nora and Hae in their relationship?"
tt13603966,Heart of Stone,2023,122.0,6.0,69465.0,https://www.imdb.com/title/tt13603966/,https://m.media-amazon.com/images/M/MV5BOTM5OTQ2ZTYtY2EzMC00Zjc3LTg3NWEtZWI4OTdlMjcwMGFlXkEyXkFqcGc@._V1_.jpg,Action,"Action, Crime, Thriller",Tom Harper,"Jing Lusi, Jamie Dornan, Paul Ready, Gal Gadot, Enzo Cilenti, Joe Reisig, Luca Fiamenghi, Alia Bhatt","Jing Lusi, Jamie Dornan, Paul Ready, Gal Gadot, Enzo Cilenti, Joe Reisig, Luca Fiamenghi, Alia Bhatt, Matthias Schweighöfer, Thomas Arnold","Rachel Stone is a charter agent comm technician who works along with a team of MI 6 field agents. The mission is to locate the ""heart"" an AI enabled computer which has the capability of hacking into any software and could cause considerable havoc should it fall into the wrong hands. Keya, a young woman is an Indian computer specialist who is attached to another syndicate. Circumstances bring Rachel and Keya together and they realize that they have a common mission. They then team up to prevent the ""heart"" from falling in the wrong hands."
tt13929998,On a Wing and a Prayer,2023,102.0,6.0,6560.0,https://www.imdb.com/title/tt13929998/,https://m.media-amazon.com/images/M/MV5BZDc3NzdiMzYtN2M4Ni00Yzc4LTgwMjMtYzcxYzRmZTljZjExXkEyXkFqcGc@._V1_.jpg,Drama,Drama,Sean McNamara,"Dennis Quaid, Heather Graham, Jesse Metcalfe, Abigail Rhyne, Jessi Case, Brett Rice, Rocky Myers, Selena Anduze","Dennis Quaid, Heather Graham, Jesse Metcalfe, Abigail Rhyne, Jessi Case, Brett Rice, Rocky Myers, Selena Anduze, E. Roger Mitchell, Joe Knezevich","After a small-town pilot mysteriously dies during flight, passenger Doug White is forced to land the plane to safety and save his entire family on board. Based on an astonishing true story of faith and survival, follows one man's harrowing journey to save his family from insurmountable danger."
tt14230458,Poor Things,2023,141.0,8.0,422762.0,https://www.imdb.com/title/tt14230458/,https://m.media-amazon.com/images/M/MV5BYWU2MjRjZTYtMjVkMS00MTBjLWFiMTAtYmZlYTk1YjkyMWFkXkEyXkFqcGc@._V1_.jpg,Comedy,"Comedy, Drama, Romance, Sci-Fi",Yorgos Lanthimos,"Emma Stone, Willem Dafoe, Vicki Pepperdine, Ramy Youssef, Jack Barton, Charlie Hiscock, Attila Dobai, Emma Hindle","Emma Stone, Willem Dafoe, Vicki Pepperdine, Ramy Youssef, Jack Barton, Charlie Hiscock, Attila Dobai, Emma Hindle, Anders Olof Grundberg, Mark Ruffalo","From filmmaker Yorgos Lanthimos and producer Emma Stone comes the incredible tale and fantastical evolution of Bella Baxter (Stone), a young woman crafted by the brilliant and unorthodox scientist Dr. Godwin Baxter (Willem Dafoe). Under Baxter's protection, Bella is eager to learn. Hungry for the worldliness she is lacking, Bella runs off with Duncan Wedderburn (Mark Ruffalo), a slick and debauched lawyer, on a whirlwind adventure across the continents. Free from the prejudices of her times, Bella experiences sexual trials and a desire for equality."
tt14539318,The Beast Within,2024,97.0,4.0,6581.0,https://www.imdb.com/title/tt14539318/,https://m.media-amazon.com/images/M/MV5BM2ZkMGU0ZDUtMTU0MS00ODBiLTkwYjAtYTcxZTkyYjJjMjcxXkEyXkFqcGc@._V1_.jpg,Horror,Horror,Alexander J. Farrell,"Kit Harington, Ashleigh Cummings, Caoilinn Springall, James Cosmo, Andrei Nova, Adam Basil, Martina McClements, Ian Giles","Kit Harington, Ashleigh Cummings, Caoilinn Springall, James Cosmo, Andrei Nova, Adam Basil, Martina McClements, Ian Giles, Hugh Coles","After a series of strange events leads her to question her family's isolated life on a fortified compound deep in the English wilds, 10-year-old Willow follows her parents on one of their secret late-night treks to the heart of the ancient forest. But upon witnessing her father undergo a terrible transformation, she too becomes ensnared by the dark ancestral secret they've tried so desperately to conceal."
tt14873054,Transfusion,2023,106.0,5.0,3909.0,https://www.imdb.com/title/tt14873054/,https://m.media-amazon.com/images/M/MV5BYWNmNzU0MjktNDY5YS00NDc1LThjMzUtYmJjMzkzYWFhZWZkXkEyXkFqcGc@._V1_.jpg,Action,"Action, Crime, Drama, Thriller",Matt Nable,"Sam Worthington, Matt Nable, Phoebe Tonkin, Edward Carmody, Ben Hogan, JK Peralta, Richard Cotta, Laujine Yassin","Sam Worthington, Matt Nable, Phoebe Tonkin, Edward Carmody, Ben Hogan, JK Peralta, Richard Cotta, Laujine Yassin, Akram Youssef, Normie Daghel","After a devastating loss, Ryan and his young son Billy are struggling to reconnect. Billy carries a deep sense of guilt for something beyond his control, while Ryan is adrift in life, having retired from the Australian Army's elite SAS regiment and suffering from PTSD. In a desperate attempt to protect his son from being taken away, Ryan introduces Billy to the criminal underworld, where his former SAS brother runs things. But as they become increasingly entangled in the dangerous world of organized crime, Ryan begins to realize that the consequences of his choices may be far greater than he ever imagined."
tt14914430,Unfrosted,2024,97.0,6.0,37471.0,https://www.imdb.com/title/tt14914430/,https://m.media-amazon.com/images/M/MV5BZjE1NzA1MWMtZTIyZi00ZDYxLWJlMTYtZjNjMmM4ZWMxNGRkXkEyXkFqcGc@._V1_.jpg,Biography,"Biography, Comedy, History",Jerry Seinfeld,"Isaac Bae, Jerry Seinfeld, Chris Rickett, Rachael Harris, Kue Lawrence, Catherine Last, Christian Slater, Jim Gaffigan","Isaac Bae, Jerry Seinfeld, Chris Rickett, Rachael Harris, Kue Lawrence, Catherine Last, Christian Slater, Jim Gaffigan, Hugh Grant, Nelson Franklin","In 1963 Michigan, business rivals Kellogg's and Post compete to create a cake that could change breakfast forever."
tt15257160,Pain Hustlers,2023,123.0,7.0,56334.0,https://www.imdb.com/title/tt15257160/,https://m.media-amazon.com/images/M/MV5BZTc2ZTlkYWQtZmU2ZC00ZTFjLWFmOTAtMmRlZDYwMGVkYjhmXkEyXkFqcGc@._V1_.jpg,Crime,"Crime, Drama",David Yates,"Emily Blunt, Chris Evans, Catherine O'Hara, Andy Garcia, Chloe Coleman, Brian d'Arcy James, Jay Duplass, Amit Shah","Emily Blunt, Chris Evans, Catherine O'Hara, Andy Garcia, Chloe Coleman, Brian d'Arcy James, Jay Duplass, Amit Shah, Valerie LeBlanc, Aubrey Dollar","Dreaming of a better life for her and her young daughter, Liza Drake, a high-school dropout, lands a job with a failing pharmaceutical start-up in a yellowing strip mall in Central Florida. Liza's charm, guts and drive catapult the company and her into the high life, where she soon finds herself at the center of a criminal conspiracy with deadly consequences."
tt15685360,You Gotta Believe,2024,104.0,6.0,1993.0,https://www.imdb.com/title/tt15685360/,https://m.media-amazon.com/images/M/MV5BZWM0ZjQ0MDgtYTNmNS00Yjc0LWFkNDUtMTM2MjU5NWVkZDRkXkEyXkFqcGc@._V1_.jpg,Drama,"Drama, Family, Sport",Ty Roberts,"Luke Wilson, Greg Kinnear, Sarah Gadon, Molly Parker, Lew Temple, Joaquin Roberts, Martin Roach, Patrick Renna","Luke Wilson, Greg Kinnear, Sarah Gadon, Molly Parker, Lew Temple, Joaquin Roberts, Martin Roach, Patrick Renna, Blake DeLong, Justin Adams","A Little League baseball team of misfits dedicates their season to a player's dying father. In doing so, they accomplish the impossible by reaching the World Series finals in a game that became an ESPN instant classic."
tt17067574,Cold Meat,2023,90.0,5.0,3419.0,https://www.imdb.com/title/tt17067574/,https://m.media-amazon.com/images/M/MV5BOTMxYmI4N2ItZjc0My00YjRjLWJhOTUtODhmM2JmZjkzZDlkXkEyXkFqcGc@._V1_.jpg,Thriller,Thriller,Sébastien Drouin,"Alexander Shefler, Allen Leech, Einar Haraldsson, James Barton-Steel, Kat Fullerton, Nina Bergman, Riley Banzer, Sydney Hendricks","Alexander Shefler, Allen Leech, Einar Haraldsson, James Barton-Steel, Kat Fullerton, Nina Bergman, Riley Banzer, Sydney Hendricks, William Kuklis, Yan Tual","David Petersen is driving through the Colorado Rockies. After taking a break, he rescues a young waitress from her violent ex-husband and continues his journey alone through a dangerous snowstorm. A mistake behind the wheel leaves him waking up in a ravine in the middle of the storm. But the cold is the least of his problems. How will he survive?"
tt18260564,El club de los lectores criminales,2023,89.0,5.0,6138.0,https://www.imdb.com/title/tt18260564/,https://m.media-amazon.com/images/M/MV5BNTQzM2E4MmMtNjI4Yi00YjU4LTg3NjUtZmFhY2JhZjhhZDZjXkEyXkFqcGc@._V1_.jpg,Horror,"Horror, Thriller",Carlos Alonso Ojea,"Veki Velilla, Álvaro Mel, Priscilla Delgado, Iván Pellicer, Hamza Zaidi, María Cerezuela, Ane Rot, Carlos Alcaide","Veki Velilla, Álvaro Mel, Priscilla Delgado, Iván Pellicer, Hamza Zaidi, María Cerezuela, Ane Rot, Carlos Alcaide, Daniel Grao, Carmela Lloret","After being complicit in a costume joke that ends in a fatal accident and a pact of silence, a group of young people will be threatened by an anonymous writer who wants to reveal his dark secret. Their stalker threatens to post a bloody horror novel based on them on social media. Each chapter one of them will die. While distrusting each other, the group will begin a fight for survival in the middle of the university campus. Any one of them could be the next victim, or the killer."
tt18274520,Noviembre,2025,78.0,6.0,1106.0,https://www.imdb.com/title/tt18274520/,https://m.media-amazon.com/images/M/MV5BNWU5MjcyY2MtNjk4MC00OWM0LTg0OTYtZjMyZTZiMGU2MGY2XkEyXkFqcGc@._V1_.jpg,Biography,"Biography, Drama, History",Tomás Corredor,"Santiago Alarcón, Natalia Reyes, Max Durán, Juan Morales, Alejandro Cuétara, Jagdy López, Pacho Rueda, Adrián Carreón","Santiago Alarcón, Natalia Reyes, Max Durán, Juan Morales, Alejandro Cuétara, Jagdy López, Pacho Rueda, Adrián Carreón, Anderson Otalvaro, Susana Morales Cañas","A dramatized account of Colombia's 1985 Palace of Justice siege combines fictional elements with historical footage, exploring themes of belief, turmoil, and lasting national trauma."
tt18392014,Play Dirty,2025,125.0,6.0,29274.0,https://www.imdb.com/title/tt18392014/,https://m.media-amazon.com/images/M/MV5BN2E4MmM2ODctYTIyNS00ZGIxLWJmYjctYTUxYThhNzY4MmMzXkEyXkFqcGc@._V1_.jpg,Action,"Action, Crime, Drama, Thriller",Shane Black,"Mark Wahlberg, LaKeith Stanfield, Rosa Salazar, Keegan-Michael Key, Chukwudi Iwuji, Nat Wolff, Gretchen Mol, Thomas Jane","Mark Wahlberg, LaKeith Stanfield, Rosa Salazar, Keegan-Michael Key, Chukwudi Iwuji, Nat Wolff, Gretchen Mol, Thomas Jane, Tony Shalhoub, Hemky Madera","An expert thief rolls out the biggest heist of his life in Play Dirty, an action-packed thriller from director Shane Black. Parker (Mark Wahlberg), along with Grofield (LaKeith Stanfield), Zen (Rosa Salazar) and a skilled crew, stumble onto a score that pits them against the New York mob in this gritty, clever caper."
tt18394190,Old Dads,2023,104.0,6.0,48068.0,https://www.imdb.com/title/tt18394190/,https://m.media-amazon.com/images/M/MV5BZTY0ZThmZmYtNDc1Mi00NDNjLWFhZjEtYWM5MDZhNDYwMDRjXkEyXkFqcGc@._V1_.jpg,Comedy,Comedy,Bill Burr,"Bill Burr, Bobby Cannavale, Bokeem Woodbine, Katie Aselton, Reign Edwards, Jackie Tohn, Miles Robbins, Rachael Harris","Bill Burr, Bobby Cannavale, Bokeem Woodbine, Katie Aselton, Reign Edwards, Jackie Tohn, Miles Robbins, Rachael Harris, Dash McCloud, Justin Miles","Jack Kelly (Bill Burr), Connor Brody (Bobby Cannavale), and Mike Richards (Bokeem Woodbine) are best friends, business partners, and old dads. After agreeing to sell their throwback sports apparel company, they're excited to punch their tickets to the lives they've always dreamed of. But when the company is made over by an eccentric new millennial CEO (Miles Robbins), Jack's anger boils over, creating a series of crises at work, home, and his son's ultra-progressive preschool. In the aftermath, Jack and his fellow old dads must fight to win back their families and self-respect on an unlikely quest that takes them from Palm Desert casinos to strip clubs to the e-scooter-riddled streets of Los Angeles."
tt19121700,Merve Kült,2023,99.0,5.0,2960.0,https://www.imdb.com/title/tt19121700/,https://m.media-amazon.com/images/M/MV5BMDdiZmIwYTItODY5Yi00NWMxLWI4NGMtZWNkNjE4ZjcxMjIyXkEyXkFqcGc@._V1_.jpg,Comedy,"Comedy, Romance",Cemal Alpan,"Ahsen Eroglu, Ozan Dolunay, Zuhal Olcay, Ferit Aktug, Esra Akkaya, Arif Piskin, Ege Aydan, Burcu Türünz","Ahsen Eroglu, Ozan Dolunay, Zuhal Olcay, Ferit Aktug, Esra Akkaya, Arif Piskin, Ege Aydan, Burcu Türünz, Levent Mese, Sibel Salihoglu","Merve chose the bohemian life, but it didn't choose her back. Faced with eviction, she starts a new job and stumbles into a spicy setup with her boss."
tt20048582,Canary Black,2024,101.0,5.0,14441.0,https://www.imdb.com/title/tt20048582/,https://m.media-amazon.com/images/M/MV5BNDUyZThkMDYtY2FlYy00MmFjLThkZGMtMDgxZTk1Zjg2YjRmXkEyXkFqcGc@._V1_.jpg,Action,"Action, Adventure, Crime, Drama, Thriller",Pierre Morel,"Kate Beckinsale, Rupert Friend, Ray Stevenson, Jaz Hutchins, Goran Kostic, Ben Miles, Romina Tonković, Rok Juricic","Kate Beckinsale, Rupert Friend, Ray Stevenson, Jaz Hutchins, Goran Kostic, Ben Miles, Romina Tonković, Rok Juricic, Masayoshi Haneda, Emma Gojkovic","After an assignment in Tokyo, the dangerous CIA assassin Avery ""Ave"" Graves returns home in Croatia to celebrate her marriage anniversary with her beloved husband David Brooks. Ave is a lonely woman that was raised to be a CIA operative since she was a teenager by her chief and friend Jarvis Hedlund, the only person she trusts besides David. Out of the blue, David is kidnapped, and the kidnapper orders her to retrieve the Canary Black file that is hidden in the tooth of a CIA prisoner. She lures Agent Maxfield, who is responsible for the prisoner, but she does not find any file in the tooth. Now she is chased by the CIA that believe she is a traitor and has the Black Canary file; by the criminals who abducted David, since they also believe she has the file; and the Croatia Secret Service that has team up with the CIA to capture her. Meanwhile the clock is ticking, and David's life is in serious danger, and Ave needs to retrieve the Black Canary to save him."
tt20672534,Zon 100: Zonbi ni naru made ni shitai 100 no koto,2023,128.0,6.0,8499.0,https://www.imdb.com/title/tt20672534/,https://m.media-amazon.com/images/M/MV5BNzhhOTZlM2MtNDk0Yy00N2I0LWJmN2MtZWZkNjlkZDY5ZGY5XkEyXkFqcGc@._V1_.jpg,Action,"Action, Comedy, Fantasy, Horror, Sci-Fi",Yūsuke Ishida,"Eiji Akaso, Mai Shiraishi, Shuntarô Yanagi, Kazuki Kitamura, Yui Ichikawa, Mayo Kawasaki, Akari Hayami, Miwako Kakei","Eiji Akaso, Mai Shiraishi, Shuntarô Yanagi, Kazuki Kitamura, Yui Ichikawa, Mayo Kawasaki, Akari Hayami, Miwako Kakei, Kurumi Nakata, Takeshi Ishimoto","Surviving a zombie apocalypse beats being a wage slave any day. After spending years slaving away for a soul-crushing company, Akira's life has lost its luster. He lives in a trash-filled apartment, his pay is abysmal, and he can't even muster up the nerve to confess his love to his beautiful co-worker. But when a zombie apocalypse ravages his town, it gives him the push he needs to live for himself. Now Akira's on a mission to complete all 100 items on his bucket list before he...well, kicks the bucket."
tt21051906,A Family Affair,2024,111.0,5.0,40655.0,https://www.imdb.com/title/tt21051906/,https://m.media-amazon.com/images/M/MV5BMDQyMWFkMGMtNjhiMS00MzgyLWFmOGYtNzA3MGNjNGVhMGI4XkEyXkFqcGc@._V1_.jpg,Comedy,"Comedy, Drama, Romance",Richard LaGravenese,"Nicole Kidman, Zac Efron, Joey King, Kathy Bates, Liza Koshy, Wes Jetton, Ian Gregg, Sarah Baskin","Nicole Kidman, Zac Efron, Joey King, Kathy Bates, Liza Koshy, Wes Jetton, Ian Gregg, Sarah Baskin, Zele Avradopoulos, Vince Pisani","Zara, who still lives at home with her mother Brooke, works as an assistant to demanding movie star Chris. She must constantly deal with his various whims, and often she is the one who handles things when he breaks up with yet another girlfriend. However, his promises to help her become a producer remain unfulfilled; finally, this drives Zara to quit. In an attempt to get her back, Chris comes to her house where he meets her mother. He becomes fascinated by Brooke, and one thing leads to another, suddenly presenting Zara with new challenges."
tt21187592,The Threesome,2025,112.0,6.0,6541.0,https://www.imdb.com/title/tt21187592/,https://m.media-amazon.com/images/M/MV5BOWI5NDU2ZTQtYmJiNi00NjY4LWE1NzAtNDA4YTg4ZjhjZTMxXkEyXkFqcGc@._V1_.jpg,Comedy,"Comedy, Drama, Romance",Chad Hartigan,"Jeremy Turner, Tommy Do, Jaboukie Young-White, Jonah Hauer-King, Zoey Deutch, Josh Segarra, Ruby Cruz, Kristin Slaysman","Jeremy Turner, Tommy Do, Jaboukie Young-White, Jonah Hauer-King, Zoey Deutch, Josh Segarra, Ruby Cruz, Kristin Slaysman, Allan McLeod, Casper Hartigan","When a young man's crush leads him into an unexpected threesome, he thinks it's his ultimate fantasy come true. But when the fantasy ends, all three are left with sobering consequences, forcing them to be responsible for their actions."
tt21245882,A través del mar,2023,109.0,5.0,10393.0,https://www.imdb.com/title/tt21245882/,https://m.media-amazon.com/images/M/MV5BOWViNzlmZDgtOTQ3OC00OGI0LTg0YzItMDIwNDJkOWQ2NmJjXkEyXkFqcGc@._V1_.jpg,Comedy,"Comedy, Drama, Romance",Marçal Forés,"Clara Galle, Julio Peña, Guillermo Lasheras, Natalia Azahara, Hugo Arbues, Eric Masip, Andrea Chaparro, Emilia Lazo","Clara Galle, Julio Peña, Guillermo Lasheras, Natalia Azahara, Hugo Arbues, Eric Masip, Andrea Chaparro, Emilia Lazo, Ivan Lapadula, Carla Tous","Ares and Raquel maintain a long-distance relationship during his studies in Stockholm. When they meet again, they find that their period of separation has put their love to the test."
tt21905744,The Front Room,2024,94.0,5.0,7457.0,https://www.imdb.com/title/tt21905744/,https://m.media-amazon.com/images/M/MV5BNDIwNTNlMzAtYjkzNi00MDNjLWFlOGYtNDI1MDdkNWQwOWIwXkEyXkFqcGc@._V1_.jpg,Horror,"Horror, Thriller","Max Eggers, Sam Eggers","Brandy Norwood, Andrew Burnap, Kathryn Hunter, Neal Huff, David Manis, Mary Catherine Wright, Ellen J. Maddow, Mary Testa","Brandy Norwood, Andrew Burnap, Kathryn Hunter, Neal Huff, David Manis, Mary Catherine Wright, Ellen J. Maddow, Mary Testa, Morgen McKynzie, Kerry Flanagan","A young couple's life is thrown into disarray when they reluctantly agree to take in the man's estranged stepmother. As tensions rise, the couple's seemingly-normal home becomes a battleground of paranoia and fear. The old woman's erratic behavior and mysterious past unveil dark secrets that threaten to unravel the couple's relationship. As they grapple with the sinister presence that takes over their home, they must confront their own demons and the haunting reality of what lurks in the front room. This psychological thriller delves into themes of family, trust, and the thin line between reality and madness."
tt21909764,Culpa mía,2023,117.0,6.0,46721.0,https://www.imdb.com/title/tt21909764/,https://m.media-amazon.com/images/M/MV5BNTI4ZWQ5YjYtMmYwMy00OWFmLWFmNDYtZGNlNWMxNTllZjc4XkEyXkFqcGc@._V1_.jpg,Drama,"Drama, Romance",Domingo González,"Nicole Wallace, Gabriel Guevara, Marta Hazas, Iván Sánchez, Eva Ruiz, Víctor Varona, Fran Berenguer, Adriana Ubani","Nicole Wallace, Gabriel Guevara, Marta Hazas, Iván Sánchez, Eva Ruiz, Víctor Varona, Fran Berenguer, Adriana Ubani, Ivan Massagué, Mariano Venancio","Noah has to leave her town, boyfriend and friends behind and move into the mansion of her mother's new rich husband. There she meets Nick, her new stepbrother. They fall madly in love in secret."
tt21940010,A Million Miles Away,2023,121.0,7.0,26989.0,https://www.imdb.com/title/tt21940010/,https://m.media-amazon.com/images/M/MV5BNmQwNjI2ZjYtNzFkMC00ZjZhLTgyNDgtODZhMzNjZWM5MzU4XkEyXkFqcGc@._V1_.jpg,Biography,"Biography, Drama",Alejandra Márquez Abella,"Michael Peña, Rosa Salazar, Julio Cesar Cedillo, Veronica Falcón, Juan Pablo Monterrubio, Garret Dillahunt, Sarayu Blue, Bobby Soto","Michael Peña, Rosa Salazar, Julio Cesar Cedillo, Veronica Falcón, Juan Pablo Monterrubio, Garret Dillahunt, Sarayu Blue, Bobby Soto, Ashley Ciarra, Eric Johnson","A biopic about Jose Hernandez and his path from a farm worker to becoming an engineer and an astronaut. A tale of perseverance, community and sacrifice to accomplish a seemingly impossible dream."
tt21957774,Irish Wish,2024,93.0,5.0,23681.0,https://www.imdb.com/title/tt21957774/,https://m.media-amazon.com/images/M/MV5BMDIwMDAxODQtNTg1Mi00YjRmLTliZmMtNDc3OWQ3NWMzNTllXkEyXkFqcGc@._V1_.jpg,Comedy,"Comedy, Fantasy, Romance",Janeen Damian,"Lindsay Lohan, Ed Speleers, Alexander Vlahos, Ayesha Curry, Elizabeth Tan, Jacinta Mulcahy, Jane Seymour, Matty McCabe","Lindsay Lohan, Ed Speleers, Alexander Vlahos, Ayesha Curry, Elizabeth Tan, Jacinta Mulcahy, Jane Seymour, Matty McCabe, Dawn Bradfield, Maurice Byrne","When the love of her life gets engaged to her best friend, Maddie puts her feelings aside to be a bridesmaid at their wedding in Ireland. Days before the pair are to marry, Maddie makes a spontaneous wish for true love, and the next morning she wakes up as the bride-to-be. With her dream seeming to come true, Maddie soon realizes that her real soulmate is someone else entirely."
tt22740896,People We Meet on Vacation,2026,117.0,7.0,53068.0,https://www.imdb.com/title/tt22740896/,https://m.media-amazon.com/images/M/MV5BM2ZmZWEyOGItYzVjYi00N2Q3LTlmNDItYmUwZjFhMTJmMzgzXkEyXkFqcGc@._V1_.jpg,Comedy,"Comedy, Romance",Brett Haley,"Emily Bader, Tom Blyth, Sarah Catherine Hook, Lucien Laviscount, Miles Heizer, Jameela Jamil, Tommy Do, Lukas Gage","Emily Bader, Tom Blyth, Sarah Catherine Hook, Lucien Laviscount, Miles Heizer, Jameela Jamil, Tommy Do, Lukas Gage, Alice Lee, Molly Shannon","Poppy wants to explore the world and Alex prefers to stay home with a good book, but somehow they are the very best of friends. They live far apart, but for a decade they have spent one week of summer vacation together."
tt22898462,The Conjuring: Last Rites,2025,135.0,6.0,109349.0,https://www.imdb.com/title/tt22898462/,https://m.media-amazon.com/images/M/MV5BM2VmMzRkYzgtMzg2ZC00OTFkLTkwMTYtNTMxNjM2YzI1MjgyXkEyXkFqcGc@._V1_.jpg,Horror,"Horror, Mystery, Thriller",Michael Chaves,"Patrick Wilson, Vera Farmiga, Mia Tomlinson, Ben Hardy, Steve Coulter, Rebecca Calder, Elliot Cowan, Beau Gadsdon","Patrick Wilson, Vera Farmiga, Mia Tomlinson, Ben Hardy, Steve Coulter, Rebecca Calder, Elliot Cowan, Beau Gadsdon, Kíla Lord Cassidy, John Brotherton","Inspired by the harrowing true story of the Smurl family haunting, The Conjuring: Last Rites marks the final appearance of Patrick Wilson and Vera Farmiga as Ed and Lorraine Warren. The Warrens take on their most terrifying case when a quiet Pennsylvania home becomes ground zero for a relentless supernatural siege. Get ready for a haunting rooted in real horror... and not everyone will make it out unscathed."
tt23476986,G20,2025,108.0,5.0,26857.0,https://www.imdb.com/title/tt23476986/,https://m.media-amazon.com/images/M/MV5BMTc5MTg3MTEtNzQwMi00Y2VkLWI4N2UtNDdmMzFjMGIyNTEzXkEyXkFqcGc@._V1_.jpg,Action,"Action, Thriller",Patricia Riggen,"Viola Davis, Anthony Anderson, Ramón Rodríguez, Marsai Martin, Antony Starr, Douglas Hodge, Elizabeth Marvel, Christopher Farrar","Viola Davis, Anthony Anderson, Ramón Rodríguez, Marsai Martin, Antony Starr, Douglas Hodge, Elizabeth Marvel, Christopher Farrar, Sabrina Impacciatore, MeeWha Alana Lee","At the G20 summit in Cape Town, an armed group of mercenaries storms the grounds. U.S. President Sutton manages to escape, while numerous people fall into the hands of the attackers. Sutton fights her way through the besieged crisis zone with Agent Ruiz and closes in on the terrorist group led by former elite soldier Rutledge. Ultimately, she must not only prevent an epoch-making global crisis, but also save her own family."
tt24079806,El campeón,2024,106.0,6.0,1060.0,https://www.imdb.com/title/tt24079806/,https://m.media-amazon.com/images/M/MV5BZDcyYmIzMDItOTkwOC00MzE4LThkMTAtMmUxNGI1NDAwZGU1XkEyXkFqcGc@._V1_.jpg,Drama,"Drama, Sport",Carlos Therón,"Dani Rovira, Swit Eme, Pablo Chiapella, Luis Fernández, Cintia García, Carlos Librado 'Nene', Pedro Romero, Pere Brasó","Dani Rovira, Swit Eme, Pablo Chiapella, Luis Fernández, Cintia García, Carlos Librado 'Nene', Pedro Romero, Pere Brasó, Eduard Torres, Leonardo Muñoz",A hot-headed football star has it all until a fight gets him benched and assigned a new tutor: a reclusive academic who'll teach him to face his fears.
tt24458622,The Six Triple Eight,2024,127.0,7.0,32855.0,https://www.imdb.com/title/tt24458622/,https://m.media-amazon.com/images/M/MV5BNDdhYTY4ZTEtZTlhZS00ZWI1LWFjYzQtMWRkMjIzN2E5NjBjXkEyXkFqcGc@._V1_.jpg,Drama,"Drama, History, War",Tyler Perry,"Kerry Washington, Ebony Obsidian, Milauna Jackson, Kylie Jefferson, Shanice Shantay, Sarah Jeffery, Pepi Sonuga, Moriah Brown","Kerry Washington, Ebony Obsidian, Milauna Jackson, Kylie Jefferson, Shanice Shantay, Sarah Jeffery, Pepi Sonuga, Moriah Brown, Jeanté Godlock, Dean Norris","During the height of the conflict in World War II circa 1943, difficulties in the war led to a change in priorities, and much of the mail previously reaching soldiers on the front lines has been halted. As warehouses begin to overflow with unfulfilled deliveries, soldiers' hopes are dashed as they lose contact with their families back home. To fix this problem, the 6888th Battalion the Women's Army Corps' all-Black battalion including over 800 female soldiers is sent to tackle the impossible challenge of sorting years' worth of backlogged mail. Even as military higher-ups hope to see the plan fail, the Six Triple Eight are determined to deliver hope to soldiers and families across the world."
tt2560078,Boston Strangler,2023,112.0,7.0,42080.0,https://www.imdb.com/title/tt2560078/,https://m.media-amazon.com/images/M/MV5BY2ZlNThhOGYtNTUwNC00MWVhLTg2NzQtMWRmOWE2YjFkODZiXkEyXkFqcGc@._V1_.jpg,Crime,"Crime, Drama, History, Thriller",Matt Ruskin,"Keira Knightley, Carrie Coon, Chris Cooper, Alessandro Nivola, Rory Cochrane, David Dastmalchian, Peter Gerety, Robert John Burke","Keira Knightley, Carrie Coon, Chris Cooper, Alessandro Nivola, Rory Cochrane, David Dastmalchian, Peter Gerety, Robert John Burke, Ryan Winkles, Morgan Spector","Based on the infamous Boston Strangler murders, this is the true story of Loretta McLaughlin, the first reporter to connect the murders and break the story of the Strangler. She and fellow reporter Jean Cole challenged the sexism of the early 1960s to report on the city's most notorious serial killer and worked tirelessly to keep women informed."
tt26350277,Ballerina,2023,92.0,6.0,19986.0,https://www.imdb.com/title/tt26350277/,https://m.media-amazon.com/images/M/MV5BOTgxNzA0MDktYzc5ZC00MGY3LWIwYjItMDJhNzE2ZGFjYmE1XkEyXkFqcGc@._V1_.jpg,Action,"Action, Thriller",Chung-Hyun Lee,"Jeon Jong-seo, Kim Ji-hoon, Park Yu-rim, Shin Se-hwi, Kim Mu-yeol, Jang Yoon-ju, Kim Young-ok, Harrison Xu","Jeon Jong-seo, Kim Ji-hoon, Park Yu-rim, Shin Se-hwi, Kim Mu-yeol, Jang Yoon-ju, Kim Young-ok, Harrison Xu, Christian Banas, Dylan Besseau","Grieving the loss of a best friend she couldn't protect, an ex-bodyguard sets out to fulfill her dear friend's last wish: sweet revenge."
tt26581740,Weapons,2025,128.0,7.0,398167.0,https://www.imdb.com/title/tt26581740/,https://m.media-amazon.com/images/M/MV5BNTBhNWJjZWItYzY3NS00M2NkLThmOWYtYTlmNzBmN2UxZWFjXkEyXkFqcGc@._V1_.jpg,Horror,"Horror, Mystery",Zach Cregger,"Scarlett Sher, Julia Garner, Cary Christopher, Jason Turner, Josh Brolin, Benedict Wong, Anny Jules, Ali Burch","Scarlett Sher, Julia Garner, Cary Christopher, Jason Turner, Josh Brolin, Benedict Wong, Anny Jules, Ali Burch, Michael Gene Conti, Alden Ehrenreich","School kids from the same class except one boy disappear late at night from their homes without a trace. The School authorities, the parents and the relatives are baffled and confused. The local police department carries out an investigation without any positive results. The lady class teacher is ostracized by the parents who feel she is to blame for the disappearance of the children. She along with a policeman friend tries to solve this mystery. Will she be successful?"
tt26595906,The World Will Tremble,2025,109.0,7.0,3400.0,https://www.imdb.com/title/tt26595906/,https://m.media-amazon.com/images/M/MV5BYTlhYzMyZWMtNzg0Yy00ZmVjLTllNDItYTE5MThlMjg1NTlkXkEyXkFqcGc@._V1_.jpg,Biography,"Biography, Drama, History, War",Lior Geller,"Oliver Jackson-Cohen, Jeremy Neumark Jones, Charlie MacGechan, Michael Epp, David Kross, Michael Fox, Danny Scheinmann, Adi Kvetner","Oliver Jackson-Cohen, Jeremy Neumark Jones, Charlie MacGechan, Michael Epp, David Kross, Michael Fox, Danny Scheinmann, Adi Kvetner, Anton Lesser, Tim Bergmann","On the afternoon of January 19, 1942, in the very first Nazi death camp secretly built in Poland, a group of Polish Jewish prisoners attempt the unthinkable. Held captive as gravediggers, forced to bury the bodies of men, women and children murdered in gas vans, they decide to launch a daring escape. Even after having lost their families, burying them with their own hands, they are determined to flee, not for themselves, but to alert the world of what was happening. Using a stolen shard of glass, prisoners Solomon Wiener and Michael Podchlebnik tear through a transport truck and bolt into the forest. Fleeing gunfire and pursuing Nazi guards, Solomon and Michael brave a raging river, German soldiers and the Polish police before they become the first men to ever escape from a Nazi death camp, creating the world's first eyewitness account of the Holocaust. Taking place in real time and based on a never-before-told harrowing true story, ""The World Will Tremble"" is a nail-biting triumph of the human spirit, demonstrating that even under the most indescribable of human conditions, man's determination and will-not only to survive but to tell others-can overcome the most insurmountable of odds."
tt26596953,Znachor,2023,140.0,8.0,14262.0,https://www.imdb.com/title/tt26596953/,https://m.media-amazon.com/images/M/MV5BNjA3MGFiZGMtNmIwYi00OTVjLWJmMGYtYzRlY2Q3NmQ2YjZkXkEyXkFqcGc@._V1_.jpg,Drama,"Drama, Romance",Michal Gazda,"Leszek Lichota, Maria Kowalska, Ignacy Liss, Anna Szymanczyk, Izabela Kuna, Mikolaj Grabowski, Miroslaw Haniszewski, Artur Barcis","Leszek Lichota, Maria Kowalska, Ignacy Liss, Anna Szymanczyk, Izabela Kuna, Mikolaj Grabowski, Miroslaw Haniszewski, Artur Barcis, Jaroslaw Gruda, Malgorzata Mikolajczak","A respected surgeon professor Rafal Wilczur, who, abandoned by his wife, falls victim to a mugging and as a result of his injuries loses his memory.. Years later, poor and still suffering from amnesia, he meets his daughter. It is a touching story about love that overcomes all obstacles and makes people destined for each other find their way to one another."
tt27534307,Speak No Evil,2024,110.0,7.0,147560.0,https://www.imdb.com/title/tt27534307/,https://m.media-amazon.com/images/M/MV5BMWI2OWFjNjgtOTQ2Zi00MjlmLTg2MGYtNmE4MjMyZjIzMDA0XkEyXkFqcGc@._V1_.jpg,Drama,"Drama, Horror, Thriller",James Watkins,"James McAvoy, Mackenzie Davis, Scoot McNairy, Aisling Franciosi, Alix West Lefler, Dan Hough, Kris Hitchen, Motaz Malhees","James McAvoy, Mackenzie Davis, Scoot McNairy, Aisling Franciosi, Alix West Lefler, Dan Hough, Kris Hitchen, Motaz Malhees, Jakob Højlev Jørgensen","When an American family (Mackenzie Davis, Scoot McNairy and Alix West Lefler) is invited to spend the weekend at the idyllic country estate of a charming British family (James McAvoy, Aisling Franciosi and Dan Hough) they befriended on vacation, what begins as a dream holiday soon warps into a snarled psychological nightmare. As the weekend progresses, they realize that a strange side lies within the family who invited them: the untrammeled hospitality of the charismatic, alpha-male estate owner masks an unspeakable darkness."
tt27604215,In Your Dreams,2025,90.0,7.0,8600.0,https://www.imdb.com/title/tt27604215/,https://m.media-amazon.com/images/M/MV5BMmFjOGIwMDUtMjEyYi00MzE0LWEwMmMtMjYyMGUzM2RkMjlhXkEyXkFqcGc@._V1_.jpg,Animation,"Animation, Adventure, Comedy, Family, Fantasy",Alexander Woo,"Hailey Magpali, Simu Liu, Cristin Milioti, Jolie Hoang-Rappaport, Bob Bergen, Elias Janssen, Zachary Noah Piser, Omid Djalili","Hailey Magpali, Simu Liu, Cristin Milioti, Jolie Hoang-Rappaport, Bob Bergen, Elias Janssen, Zachary Noah Piser, Omid Djalili, Gia Carides, Craig Robinson","Siblings Stevie and Elliot discover a magical book that allows them to enter the dream world, where they seek the Sandman and wish for their parents to stay together as their marriage falls apart. Their journey through absurd and fantastical dreamscapes forces them to confront their fears and anxieties, ultimately teaching them to embrace imperfection and the messy reality of family rather than trying to control it."
tt27714278,Medellin,2023,104.0,5.0,2354.0,https://www.imdb.com/title/tt27714278/,https://m.media-amazon.com/images/M/MV5BOGY3NjJhYzUtN2RmMC00NGRhLTk2MWMtYWUzNDYxMmYxNWNiXkEyXkFqcGc@._V1_.jpg,Action,"Action, Comedy",Franck Gastambide,"Franck Gastambide, Ramzy Bedia, Anouar Toubali, Brahim Bouhlel, Essined Aponte, Raymond Cruz, Mike Tyson, Ariel Sierra","Franck Gastambide, Ramzy Bedia, Anouar Toubali, Brahim Bouhlel, Essined Aponte, Raymond Cruz, Mike Tyson, Ariel Sierra, Bernardo Garcia, Jairo Ordoñez","To save his brother from the hands of narcos in Medellin, Reda gathers a team to raid the kidnappers in Colombia."
tt28066777,Orion and the Dark,2024,93.0,6.0,19754.0,https://www.imdb.com/title/tt28066777/,https://m.media-amazon.com/images/M/MV5BMzgwNGU0NzEtZjMyMy00Mjc5LWFiMmYtMzIxNmY1OTIwYmU3XkEyXkFqcGc@._V1_.jpg,Animation,"Animation, Adventure, Comedy, Family, Fantasy, Mystery",Sean Charmatz,"Jacob Tremblay, Paul Walter Hauser, Colin Hanks, Mia Akemi Brown, Ike Barinholtz, Nat Faxon, Golda Rosheuvel, Natasia Demetriou","Jacob Tremblay, Paul Walter Hauser, Colin Hanks, Mia Akemi Brown, Ike Barinholtz, Nat Faxon, Golda Rosheuvel, Natasia Demetriou, Aparna Nancherla, Carla Gugino","Orion seems a lot like your average elementary school kid shy, unassuming, harboring a secret crush. But underneath his seemingly normal exterior, Orion is a ball of adolescent anxiety, completely consumed by irrational fears of bees, dogs, the ocean, cell phone waves, murderous gutter clowns, and even falling off of a cliff. But of all his fears, the thing he's the most afraid of is what he confronts on a nightly basis: the dark. So when the literal embodiment of his worst fear pays a visit, Dark whisks Orion away on a roller coaster ride around the world to prove there is nothing to be afraid of in the night. As the unlikely pair grows closer, Orion must decide if he can learn to accept the unknown to stop letting fear control his life and finally embrace the joy of living."
tt28443655,Death of a Unicorn,2025,107.0,6.0,55859.0,https://www.imdb.com/title/tt28443655/,https://m.media-amazon.com/images/M/MV5BNjUzMjhkZjktNTU5Mi00MzhmLWJhMTQtZjhkYjczOTEzM2M5XkEyXkFqcGc@._V1_.jpg,Comedy,"Comedy, Fantasy, Horror, Thriller",Alex Scharfman,"Jenna Ortega, Paul Rudd, David Pasquesi, Anthony Carrigan, Richard E. Grant, Téa Leoni, Will Poulter, Jessica Hynes","Jenna Ortega, Paul Rudd, David Pasquesi, Anthony Carrigan, Richard E. Grant, Téa Leoni, Will Poulter, Jessica Hynes, Denise Delgado, Kathryn Erbe","Elliot and Ridley Kintner, a father-daughter duo, accidentally strike a wayward animal with their car while traveling to a weekend vacation. What begins as a bizarre and unfortunate accident descends into pandemonium involving a billionaire boss, supernatural healing, and some very angry parents."
tt28607951,Anora,2024,139.0,7.0,306381.0,https://www.imdb.com/title/tt28607951/,https://m.media-amazon.com/images/M/MV5BYThiN2M0NTItODRmNC00NDhlLWFiYTgtMWM2YTEyYzI3ZTY1XkEyXkFqcGc@._V1_.jpg,Comedy,"Comedy, Drama, Romance",Sean Baker,"Mikey Madison, Paul Weissman, Lindsey Normington, Emily Weider, Luna Sofía Miranda, Vincent Radwinsky, Brittney Rodriguez, Sophia Carnabuci","Mikey Madison, Paul Weissman, Lindsey Normington, Emily Weider, Luna Sofía Miranda, Vincent Radwinsky, Brittney Rodriguez, Sophia Carnabuci, Mark Eydelshteyn, Anton Bitter","Anora, a young stripper from Brooklyn, gets her chance at a Cinderella story when she meets and impulsively marries the son of an oligarch. Once the news reaches Russia, her fairytale is threatened as the parents set out for New York to get the marriage annulled."
tt28657882,Temporada de huracanes,2023,99.0,6.0,1092.0,https://www.imdb.com/title/tt28657882/,https://m.media-amazon.com/images/M/MV5BOTYyMzdiYWMtZWIyOC00NTkxLTgzNTgtYzJlYzNjNDc4Y2MzXkEyXkFqcGc@._V1_.jpg,Drama,"Drama, Thriller",Elisa Miller,"Andrés Cordaz, Ernesto Meléndez, Edgar Treviño, Kat Rigoni, Gustavo Morales, Paloma Alvamar, Reyna Mendizábal, Norma Reyna","Andrés Cordaz, Ernesto Meléndez, Edgar Treviño, Kat Rigoni, Gustavo Morales, Paloma Alvamar, Reyna Mendizábal, Norma Reyna, Guadalupe Rammath, Abigail Rodríguez Alejandro","When a group of teens finds a corpse floating in a canal, the brutal reality behind the perverse crime unravels a town's hidden secrets."
tt28996126,Nobody 2,2025,89.0,6.0,104105.0,https://www.imdb.com/title/tt28996126/,https://m.media-amazon.com/images/M/MV5BOWViZjhjYjQtZDI1MC00MWMyLTlhZTktNmIzY2Y0ZWVkMWFhXkEyXkFqcGc@._V1_.jpg,Action,"Action, Comedy, Crime, Thriller",Timo Tjahjanto,"Bob Odenkirk, Connie Nielsen, Christopher Lloyd, John Ortiz, RZA, Sharon Stone, Colin Hanks, Gage Munroe","Bob Odenkirk, Connie Nielsen, Christopher Lloyd, John Ortiz, RZA, Sharon Stone, Colin Hanks, Gage Munroe, Paisley Cadorath, Colin Salmon","Workaholic assassin Hutch Mansell takes his family on a much-needed vacation to the small tourist town of Plummerville. However, he soon finds himself in the crosshairs of a corrupt theme-park operator, a shady sheriff, and a bloodthirsty crime boss."
tt29232158,Troll 2,2025,105.0,5.0,14111.0,https://www.imdb.com/title/tt29232158/,https://m.media-amazon.com/images/M/MV5BNzQ5ZjcwZTktMWEyMi00MmE4LWFhZmItOGE5MGI0MGRhNWI1XkEyXkFqcGc@._V1_.jpg,Action,"Action, Adventure, Drama, Fantasy, Thriller",Roar Uthaug,"Ine Marie Wilmann, Kim Falck, Mads Sjøgård Pettersen, Sara Khorami, Karoline Viktoria Sletteng Garvang, Anne Krigsvoll, Jon Ketil Johnsen, Duc Mai-The","Ine Marie Wilmann, Kim Falck, Mads Sjøgård Pettersen, Sara Khorami, Karoline Viktoria Sletteng Garvang, Anne Krigsvoll, Jon Ketil Johnsen, Duc Mai-The, Ola G. Furuseth, Dennis Storhøi","Nora, Andreas and Captain Kris leap back into action when a dangerous new troll awakes - and this time they'll need more help to take it down."
tt29623480,The Wild Robot,2024,102.0,8.0,237201.0,https://www.imdb.com/title/tt29623480/,https://m.media-amazon.com/images/M/MV5BZWNiZjVlZTUtNGUwYi00MjJmLTg2MDctNWEzYTJiMzY1ODc4XkEyXkFqcGc@._V1_.jpg,Animation,"Animation, Adventure, Family, Sci-Fi",Chris Sanders,"Lupita Nyong'o, Pedro Pascal, Kit Connor, Bill Nighy, Stephanie Hsu, Matt Berry, Ving Rhames, Mark Hamill","Lupita Nyong'o, Pedro Pascal, Kit Connor, Bill Nighy, Stephanie Hsu, Matt Berry, Ving Rhames, Mark Hamill, Catherine O'Hara, Boone Storm","From DreamWorks Animation comes a new adaptation of a literary sensation, Peter Brown's beloved, award-winning, #1 New York Times bestseller, The Wild Robot. The epic adventure follows the journey of a robot--ROZZUM unit 7134, ""Roz"" for short--that is shipwrecked on an uninhabited island and must learn to adapt to the harsh surroundings, gradually building relationships with the animals on the island and becoming the adoptive parent of an orphaned gosling."
tt29768334,Train Dreams,2025,102.0,8.0,115339.0,https://www.imdb.com/title/tt29768334/,https://m.media-amazon.com/images/M/MV5BZDkzNzkyNTktYzNhMi00YjhiLWI5YmUtZjliMTY0ZDc5NmMyXkEyXkFqcGc@._V1_.jpg,Drama,Drama,Clint Bentley,"Joel Edgerton, Clifton Collins Jr., Felicity Jones, Alfred Hsing, David Paul Olsen, John Patrick Lowrie, Chuck Tucker, Rob Price","Joel Edgerton, Clifton Collins Jr., Felicity Jones, Alfred Hsing, David Paul Olsen, John Patrick Lowrie, Chuck Tucker, Rob Price, Paul Schneider, Brandon Lindsay","Set against the rich forests and vistas of the Pacific Northwest in Washington state, we observe the often quiet ebbs and flows of the life of Robert Grainier. Born of parents he can't recall, and destined for a life of laborious, early-20th-century work building railways and logging, he finds his true purpose upon meeting Gladys. Robert and Gladys soon decide that they will build a quiet life together next to a beautiful and secluded stream, and they will have a child together. Due to the long absences of Robert for his work, and local work at the time not being lucrative enough they both dream of using their modest land to build a sawmill and have a closer family life. Tragedy ensues while Robert is away working and saving money, and the struggle of meaning and solitude returns as he waits for signs and searches for the that which made him whole, again."
tt30788842,Love Hurts,2025,83.0,5.0,19104.0,https://www.imdb.com/title/tt30788842/,https://m.media-amazon.com/images/M/MV5BZDBmMTVkNWItZWY4Yy00MjI0LWFiMmMtMWM4ZGQ3NTg0MDE1XkEyXkFqcGc@._V1_.jpg,Action,"Action, Comedy, Romance",Jonathan Eusebio,"Ke Huy Quan, Ariana DeBose, Mustafa Shakir, Lio Tipton, Daniel Wu, Cam Gigandet, Marshawn Lynch, André Eriksen","Ke Huy Quan, Ariana DeBose, Mustafa Shakir, Lio Tipton, Daniel Wu, Cam Gigandet, Marshawn Lynch, André Eriksen, Rhys Darby, Sean Astin","A realtor is pulled back into the life he left behind after his former partner-in-crime resurfaces with an ominous message. With his crime-lord brother also on his trail, he must confront his past and the history he never fully buried."
tt30840798,The Phoenician Scheme,2025,101.0,7.0,73249.0,https://www.imdb.com/title/tt30840798/,https://m.media-amazon.com/images/M/MV5BNTJmODQzYmItNTZlMy00Mjg0LTk1NjctYjM4ZGI0NTM3ZTVjXkEyXkFqcGc@._V1_.jpg,Action,"Action, Comedy, Crime, Drama, Thriller",Wes Anderson,"Benicio Del Toro, Truman Hanks, Steve Park, Scott Shepherd, Willem Dafoe, F. Murray Abraham, Carmen-Maja Antoni, Mattia Moreno Leonidas","Benicio Del Toro, Truman Hanks, Steve Park, Scott Shepherd, Willem Dafoe, F. Murray Abraham, Carmen-Maja Antoni, Mattia Moreno Leonidas, Mia Threapleton, Michael Cera","Wealthy businessman Zsa-zsa Korda appoints his only daughter, a nun, as sole heir to his estate. As Korda embarks on a new enterprise, they soon become the target of scheming tycoons, foreign terrorists and determined assassins."
tt31116965,Mi querida señorita,2026,113.0,6.0,1206.0,https://www.imdb.com/title/tt31116965/,https://m.media-amazon.com/images/M/MV5BMGM2ODBiZTItOTdkMi00NmM0LTllZmQtNTE1YjljNjkxNzRiXkEyXkFqcGc@._V1_.jpg,Drama,"Drama, Romance",Fernando González Molina,"Elisabeth Martínez, Anna Castillo, Paco León, María Galiana, Nagore Aranburu, Eneko Sagardoy, Manu Ríos, Lola Rodríguez","Elisabeth Martínez, Anna Castillo, Paco León, María Galiana, Nagore Aranburu, Eneko Sagardoy, Manu Ríos, Lola Rodríguez, Delphina Bianco, Rodrigo Cuevas","A young woman's medical discovery challenges everything she knows about herself, leading her on an unexpected path toward self-acceptance and a love that defies convention."
tt31121295,Deep Cover,2025,100.0,7.0,47119.0,https://www.imdb.com/title/tt31121295/,https://m.media-amazon.com/images/M/MV5BNjQ5ZTJjZTEtZWRiOC00NGM3LTg5NGItMTkxZmJmZjg5NzA3XkEyXkFqcGc@._V1_.jpg,Action,"Action, Comedy, Crime",Tom Kingsley,"Bryce Dallas Howard, Orlando Bloom, Nick Mohammed, Sean Bean, Paddy Considine, Sonoya Mizuno, Ian McShane, Ben Ashenden","Bryce Dallas Howard, Orlando Bloom, Nick Mohammed, Sean Bean, Paddy Considine, Sonoya Mizuno, Ian McShane, Ben Ashenden, Alexander Owen, Leart Dokle","DEEP COVER is a fast-paced action comedy starring Bryce Dallas Howard as Kat, an improv comedy teacher beginning to question if she's missed her shot at success. When an undercover cop (Sean Bean) offers her the role of a lifetime, she recruits two of her students (Orlando Bloom and Nick Mohammed) to infiltrate London's gangland by impersonating dangerous criminals."
tt31434639,Warfare,2025,95.0,7.0,116806.0,https://www.imdb.com/title/tt31434639/,https://m.media-amazon.com/images/M/MV5BYzEyYjE1NmEtOTFmNy00ZmQxLThlYzctOGRjNmQ0N2VjMmNmXkEyXkFqcGc@._V1_.jpg,Action,"Action, Drama, War",Alex Garland,"Joseph Quinn, D'Pharaoh Woon-A-Tai, Cosmo Jarvis, Aaron Mackenzie, Alex Brockdorff, Finn Bennett, Evan Holtzman, Michael Gandolfini","Joseph Quinn, D'Pharaoh Woon-A-Tai, Cosmo Jarvis, Aaron Mackenzie, Alex Brockdorff, Finn Bennett, Evan Holtzman, Michael Gandolfini, Joe Macaulay, Will Poulter","'Warfare' embeds audiences with a platoon of American Navy SEALs on a surveillance mission gone wrong in insurgent territory. A boots-on-the-ground story of modern warfare and brotherhood, told in real time and based on the memory of the people who lived it."
tt31487553,Technoboys,2024,109.0,5.0,1173.0,https://www.imdb.com/title/tt31487553/,https://m.media-amazon.com/images/M/MV5BNzczMzA0MDAtMzJiNS00OWM0LTk1NzQtMzg4ZDA3N2Y3ZDU2XkEyXkFqcGc@._V1_.jpg,Comedy,"Comedy, Music",Gerardo Gatica González,"Baraka May, Bernardo De Paula, Demetrio Bonilla, Fernanda Castillo, Fernando Bonilla, Joaquín Ferreira, Karla Souza, Luis Gerardo Méndez","Baraka May, Bernardo De Paula, Demetrio Bonilla, Fernanda Castillo, Fernando Bonilla, Joaquín Ferreira, Karla Souza, Luis Gerardo Méndez, Paola Fernandez, Sara Mann","Twenty years after topping charts, Technoboys reunite to reclaim the pop throne but must battle newer groups in a changed music world. The lead singer has hidden motives to return."
tt31923069,Springsteen: Deliver Me from Nowhere,2025,119.0,7.0,29152.0,https://www.imdb.com/title/tt31923069/,https://m.media-amazon.com/images/M/MV5BZGE4NzJiNTUtNWQ3Mi00ZGE5LWI3NmUtMjQwNWIxMWMyZDA2XkEyXkFqcGc@._V1_.jpg,Biography,"Biography, Drama, Music",Scott Cooper,"Jeremy Allen White, Jeremy Strong, Paul Walter Hauser, Stephen Graham, Odessa Young, David Krumholtz, Gaby Hoffmann, Harrison Sloan Gilbertson","Jeremy Allen White, Jeremy Strong, Paul Walter Hauser, Stephen Graham, Odessa Young, David Krumholtz, Gaby Hoffmann, Harrison Sloan Gilbertson, Grace Gummer, Marc Maron","Bruce Springsteen's journey crafting his 1982 album Nebraska, which emerged as he recorded Born in the USA with the E Street Band. Based on Warren Zanes' book."
tt32138523,Avicii - I'm Tim,2024,95.0,8.0,8624.0,https://www.imdb.com/title/tt32138523/,https://m.media-amazon.com/images/M/MV5BYmJiNjAyZmMtOTkyOS00ZmI0LWI0MWMtYmQ0ZDQzYWU1NDVlXkEyXkFqcGc@._V1_.jpg,Documentary,"Documentary, Biography, Music",Henrik Burman,"Avicii, Aloe Blacc, Chris Martin, Nile Rodgers, Filip Akesson, Jon Bon Jovi, Katie Bain, Klas Bergling","Avicii, Aloe Blacc, Chris Martin, Nile Rodgers, Filip Akesson, Jon Bon Jovi, Katie Bain, Klas Bergling, Salem Al Fakir, Sandro Cavazza","Tim Bergling, a shy and insecure boy who, without realizing it, suddenly created one of the world's most loved artists - Avicii."
tt32221196,One of Them Days,2025,97.0,7.0,20765.0,https://www.imdb.com/title/tt32221196/,https://m.media-amazon.com/images/M/MV5BNjI3OGIyYTYtN2QzZC00YzZiLThjOTktM2QyYThlZTM3NjYzXkEyXkFqcGc@._V1_.jpg,Comedy,Comedy,Lawrence Lamont,"Keke Palmer, SZA, Vanessa Bell Calloway, Lil Rel Howery, Katt Williams, Maude Apatow, Patrick Cage, Gabrielle Dennis","Keke Palmer, SZA, Vanessa Bell Calloway, Lil Rel Howery, Katt Williams, Maude Apatow, Patrick Cage, Gabrielle Dennis, Janelle James, Amin Joseph","When best friends and roommates Dreux and Alyssa discover Alyssa's boyfriend has blown their rent money, the duo finds themselves going to extremes in a race against the clock to avoid eviction and keep their friendship intact."
tt32237537,84 Jegopmiteo,2025,118.0,6.0,8866.0,https://www.imdb.com/title/tt32237537/,https://m.media-amazon.com/images/M/MV5BM2Y1MjcwMWMtN2IyZi00MGIwLWFiM2YtZjkzZWE1NmJlMGFhXkEyXkFqcGc@._V1_.jpg,Drama,"Drama, Thriller",Kim Tae-joon,"Kang Ha-neul, Yeom Hye-ran, Seo Hyun-woo, Kim Hyun Jung, Jeon Jin-oh, Park Seong-il, Jo Han-joon, Jo Yura","Kang Ha-neul, Yeom Hye-ran, Seo Hyun-woo, Kim Hyun Jung, Jeon Jin-oh, Park Seong-il, Jo Han-joon, Jo Yura, Lee Jong-goo, Yoon Jung-il","Woo-seong, a man who finally saves up enough to buy an apartment, only to have it turn into a nightmare with financial ruin and mysterious noises from neighboring floors."
tt32244931,Bokser,2024,150.0,7.0,1628.0,https://www.imdb.com/title/tt32244931/,https://m.media-amazon.com/images/M/MV5BMDE5MzA1ZmMtYjE1Zi00NmYyLWFlNDItY2I5OGZmY2M1YWJjXkEyXkFqcGc@._V1_.jpg,Drama,"Drama, Sport",Mitja Okorn,"Eryk Kulm, Adrianna Chlebicka, Eryk Lubos, Adam Woronowicz, Waleria Gorobets, Bartlomiej Kotschedoff, Jacek Poniedzialek, Michal Pietrzak","Eryk Kulm, Adrianna Chlebicka, Eryk Lubos, Adam Woronowicz, Waleria Gorobets, Bartlomiej Kotschedoff, Jacek Poniedzialek, Michal Pietrzak, Magdalena Walach, Michal Zurawski","Afraid of repeating his father's mistakes, a promising young boxer, played by Eryk Kulm jr, flees communist Poland to pursue his dream of becoming the greatest fighter in history. With only his wife in his corner, the man quickly realizes that the fight for his dream will be more complicated than he thought. After months of struggling with the hardships of being an immigrant, the Polish boxer agrees to participate in a fixed match that will change his life forever."
tt32276312,Bandida: A Número Um,2024,82.0,5.0,1187.0,https://www.imdb.com/title/tt32276312/,https://m.media-amazon.com/images/M/MV5BNTFkMzk0NjYtNGVhYi00YWFmLWJiMjMtMTM4YzZhMjMyODkxXkEyXkFqcGc@._V1_.jpg,Action,"Action, Crime, Drama, Thriller",João Wainer,"Maria Bomani, Antônio Benício, Fátima Domingues, Jean Amorim, Jeckie Brown, Jéssica Barbosa, Julio Adrião, Milhem Cortaz","Maria Bomani, Antônio Benício, Fátima Domingues, Jean Amorim, Jeckie Brown, Jéssica Barbosa, Julio Adrião, Milhem Cortaz, Vitor Feitosa, Zé Mário Farias","At the age of nine, Rebeca is sold by her grandmother. Disputed by bicheiros and drug dealers, the community is going through changes in power. Rebeca becomes the wife of the chief drug dealer."
tt32430579,Crime 101,2026,140.0,7.0,95376.0,https://www.imdb.com/title/tt32430579/,https://m.media-amazon.com/images/M/MV5BZThlN2M4ZTUtYTU3Mi00MDE5LWFhYWUtNjkxMWEwNjUwNDVhXkEyXkFqcGc@._V1_.jpg,Crime,"Crime, Drama, Thriller",Bart Layton,"Chris Hemsworth, Peter Banifaz, Babak Tafti, Payman Maadi, Mark Ruffalo, Halle Berry, Hossein Mardani, Jennifer Jason Leigh","Chris Hemsworth, Peter Banifaz, Babak Tafti, Payman Maadi, Mark Ruffalo, Halle Berry, Hossein Mardani, Jennifer Jason Leigh, Tate Donovan, Barry Keoghan","James lives behind the immaculate armor of Mike Davis, a ghost who bleeds only when the perfect plan fractures. The Los Angeles highways offer escape, but a sudden bullet shatters his clinical detachment, exposing the raw vulnerability underneath his discipline. Paranoia becomes his guiding impulse. He seeks leverage through a fractured insurance corporate cubicle, finding a desperate ally whose professional rejection mirrors his own internal isolation. The stakes escalate as a feral competitor stalks his perimeter, forcing James to lean into his coldest calculating instincts. One final score promises absolute freedom, yet the price of a single misstep is the permanent erasure of his carefully constructed identity."
tt32606470,Humint,2026,119.0,6.0,4098.0,https://www.imdb.com/title/tt32606470/,https://m.media-amazon.com/images/M/MV5BZjliZDRkZTYtYTBkNi00NzAxLTg0YmQtODE0YjVmNWNjNjhiXkEyXkFqcGc@._V1_.jpg,Action,"Action, Adventure, Crime, Thriller",Ryoo Seung-wan,"Zo In-sung, Park Jeong-min, Park Hae-joon, Shin Sae-Kyeong, Jeong Eu-gene, Lee Shin-Ki, Kim Eui-sung, Jang Hyun-sung","Zo In-sung, Park Jeong-min, Park Hae-joon, Shin Sae-Kyeong, Jeong Eu-gene, Lee Shin-Ki, Kim Eui-sung, Jang Hyun-sung, Joo Bo-bi, Park Myung-shin","In Vladivostok, Far East Russia, South Korean National Intelligence Service Manager Zo is assigned to track an international crime syndicate operating near the border. His investigation intersects with Park Geon, a North Korean State Security official sent to investigate a recent security breach. The situation is complicated by Hwang Chi-seong, the North Korean consul general, whose personal interests conflict with the official mission. At the center of the intelligence gathering is Chae Seon-hwa, a worker at a North Korean restaurant. As the agents from both sides attempt to secure her as a human intelligence source, she is forced into a position of high risk."
tt32743167,Carved,2024,95.0,4.0,3425.0,https://www.imdb.com/title/tt32743167/,https://m.media-amazon.com/images/M/MV5BOGM2NTQwNWUtYTVjZC00ZjIzLWFiN2UtNmI4YjM0NTUxYjllXkEyXkFqcGc@._V1_.jpg,Comedy,"Comedy, Horror",Justin Harding,"Peyton Elizabeth Lee, Corey Fogelmanis, Carla Jimenez, Elvis Nolasco, Jonah Lees, Wyatt Lindner, Sasha Mason, Marc-Sully Saint-Fleur","Peyton Elizabeth Lee, Corey Fogelmanis, Carla Jimenez, Elvis Nolasco, Jonah Lees, Wyatt Lindner, Sasha Mason, Marc-Sully Saint-Fleur, Jackson Kelly, Matty Cardarople","A group of survivors finds themselves trapped in a historical reenactment village on Halloween, where they must unite to battle a sentient, vengeful pumpkin."
tt32897959,Wuthering Heights,2026,136.0,6.0,91325.0,https://www.imdb.com/title/tt32897959/,https://m.media-amazon.com/images/M/MV5BNjNkNmNhOWUtZTFmOC00YmQ4LWEzYWQtZjdlMGU0MGRkN2YzXkEyXkFqcGc@._V1_.jpg,Drama,"Drama, Romance",Emerald Fennell,"Margot Robbie, Jacob Elordi, Hong Chau, Shazad Latif, Alison Oliver, Martin Clunes, Ewan Mitchell, Amy Morgan","Margot Robbie, Jacob Elordi, Hong Chau, Shazad Latif, Alison Oliver, Martin Clunes, Ewan Mitchell, Amy Morgan, Jessica Knappett, Charlotte Mellington","A forbidden relationship unfolds between Cathy and Heathcliff, which develops from quiet longing to a dangerous pull of intense attraction, passion and increasing turmoil. Cathy and Heathcliff are at the center of a dramatically escalating relationship whose emotional course is getting further and further out of control."
tt33014583,Dhurandhar,2025,214.0,8.0,150585.0,https://www.imdb.com/title/tt33014583/,https://m.media-amazon.com/images/M/MV5BMzFiNTVkZjYtM2I3Yi00MGNjLWEyYTAtMGViNGExZmMzMGMzXkEyXkFqcGc@._V1_.jpg,Action,"Action, Crime, Thriller",Aditya Dhar,"Ranveer Singh, Akshaye Khanna, Sanjay Dutt, Arjun Rampal, Madhavan, Sara Arjun, Rakesh Bedi, Danish Pandor","Ranveer Singh, Akshaye Khanna, Sanjay Dutt, Arjun Rampal, Madhavan, Sara Arjun, Rakesh Bedi, Danish Pandor, Saumya Tandon, Gaurav Gera","Humza moves through the shadows of Karachi with the cold detachment of a man already dead. He targets the empire of Rehman Dakait; a titan of the underworld whose reach dictates the city's pulse. To climb this ladder, Humza performs acts of calculated brutality that buy him a seat at the table. He serves two masters while feeding intelligence to the authorities through a secret conduit. When a political mentor turns on Rehman, the veteran gangster finds himself hunted by the very state apparatus that birthed him. Humza pivots toward his defining vice of reckless over-extension to protect his target. This survival instinct secures his position but creates a vacuum that invites total national ruin."
tt33549683,Gobaekeui yeoksa,2025,118.0,7.0,5706.0,https://www.imdb.com/title/tt33549683/,https://m.media-amazon.com/images/M/MV5BMGRmYmQ0N2UtZTdlMS00Y2EyLTk4MjMtZGQ2OGQ1ZTMxZjEyXkEyXkFqcGc@._V1_.jpg,Comedy,"Comedy, Drama, Romance",Sun Namkoong,"Gong Myoung, Shin Eun-soo, Cha Woo-min, Yoon Sang-hyeon, Kang Mi-na, Jeon Ji-A, Choi Gyu-ri, Lee So-e","Gong Myoung, Shin Eun-soo, Cha Woo-min, Yoon Sang-hyeon, Kang Mi-na, Jeon Ji-A, Choi Gyu-ri, Lee So-e, Ryu Seung-su, Hong Eun-hee","Follows 19-year-old Park Se-ri as she plans to straighten her perpetually frizzy hair before making a life-changing confession, all while getting entangled with transfer student Han Yun-seok."
tt34433451,Lefter: Bir Ordinaryüs Hikayesi,2025,126.0,6.0,3554.0,https://www.imdb.com/title/tt34433451/,https://m.media-amazon.com/images/M/MV5BZThkNDM1MGItYjYxZC00ZjJlLTk2YjMtYWJkZGU2MGFmYWFmXkEyXkFqcGc@._V1_.jpg,Biography,"Biography, Drama, History, Sport",Can Ulkay,"Erdem Kaynarca, Deniz Isin, Aslihan Malbora, Aslihan Gürbüz, Edip Tepeli, Halit Ergenç, Bora Akkas, Onur Durmaz","Erdem Kaynarca, Deniz Isin, Aslihan Malbora, Aslihan Gürbüz, Edip Tepeli, Halit Ergenç, Bora Akkas, Onur Durmaz, Erdem Sanli, Engin Alkan","An aspiring footballer defies his strict father to chase his dream, navigating challenges in family, love, and identity - all in the name of greatness."
tt34682220,Parque Lezama,2026,115.0,7.0,1196.0,https://www.imdb.com/title/tt34682220/,https://m.media-amazon.com/images/M/MV5BNDU1Njk2MDctMjExNS00YTRlLWEwNzAtNDk3ZmRjZmQzNjU0XkEyXkFqcGc@._V1_.jpg,Comedy,"Comedy, Drama",Juan José Campanella,"Luis Brandoni, Eduardo Blanco, Verónica Pelaccini, Agustín Aristarán, Manuela Menéndez, Matías Alarcón","Luis Brandoni, Eduardo Blanco, Verónica Pelaccini, Agustín Aristarán, Manuela Menéndez, Matías Alarcón","The friendship between a former communist militant and a bon vivant averse to political discussions was forged after they met on a park bench. In this unlikely relationship, they both discover that they share more things in common than they expected, thanks to their different worldviews. Set in Buenos Aires, the plot recounts the unlikely encounters and mismatches of life, marked by affection, difference, and humor. Between witty dialogues, the pair of colleagues discovers an unexpected connection that can change their lives."
tt34896285,Mica è colpa mia,2025,101.0,6.0,1824.0,https://www.imdb.com/title/tt34896285/,https://m.media-amazon.com/images/M/MV5BNzE3MzlkNjctYjk4Mi00OTEwLWE1N2YtZTAxNTgwYTY4MDMyXkEyXkFqcGc@._V1_.jpg,Comedy,"Comedy, Romance",Umberto Riccioni Carteni,"Antonio Folletto, Laura Adriani, Vincenzo Nemolato, Saverio Picozzi, Vincenzo Picozzi, Loris De Luna, Biagio Manna, Roberto De Francesco","Antonio Folletto, Laura Adriani, Vincenzo Nemolato, Saverio Picozzi, Vincenzo Picozzi, Loris De Luna, Biagio Manna, Roberto De Francesco, Gabriella Cerino, Guglielmo Capasso","Drowning in debt, two brothers concoct a plan to scam a wealthy heiress and save their home in Naples, but unexpected love soon complicates the scheme."
tt34906817,Non è un paese per single,2026,103.0,6.0,1266.0,https://www.imdb.com/title/tt34906817/,https://m.media-amazon.com/images/M/MV5BMWJmNjFiMDQtNjU1MS00MjJjLWFlOWMtYjljYmMxMjA4ZWNkXkEyXkFqcGc@._V1_.jpg,Comedy,"Comedy, Romance",Laura Chiossone,"Matilde Gioli, Cristiano Caccamo, Amanda Campana, Sebastiano Pigazzi, Cecilia Dazzi, Margherita Rebeggiani, Pietro Resta, Elisa Proietti","Matilde Gioli, Cristiano Caccamo, Amanda Campana, Sebastiano Pigazzi, Cecilia Dazzi, Margherita Rebeggiani, Pietro Resta, Elisa Proietti, Francesco Turbanti, Fiorenza D'Antonio","Elisa (MATILDE GIOLI), a single mother living in the Tuscan village of Belvedere in Chianti helps manage the family estate Le Giuggiole. Her life changes when her childhood friend Michele (CRISTIANO CACCAMO) returns after inheriting the property with his brother Carlo (SEBASTIANO PIGAZZI). While Michele plans to sell the estate, Elisa fights to preserve it. As they work through family conflicts and misunderstandings, Elisa and Michele reconnect and eventually fall in love."
tt35301431,Homem com H,2025,129.0,8.0,6285.0,https://www.imdb.com/title/tt35301431/,https://m.media-amazon.com/images/M/MV5BYmU0NDY3ODctNjhmMS00Y2YxLTljZTAtN2E5NzA4NTExODU2XkEyXkFqcGc@._V1_.jpg,Biography,"Biography, Drama, Music",Esmir Filho,"Jesuíta Barbosa, Rômulo Braga, Hermila Guedes, Davi Malizia, Jullio Reis, Bruno Montaleone, Mauro Soares, Jeff Lyrio","Jesuíta Barbosa, Rômulo Braga, Hermila Guedes, Davi Malizia, Jullio Reis, Bruno Montaleone, Mauro Soares, Jeff Lyrio, Augusto Trainotti, Bruno Parmera","From a repressive childhood to artistic revolution, Ney Matogrosso transforms Brazil's stages - and himself - through music, creativity and inner fire."
tt35628886,Chaos: The Manson Murders,2025,95.0,6.0,3639.0,https://www.imdb.com/title/tt35628886/,https://m.media-amazon.com/images/M/MV5BNjgwYjk3MzItZmM3Mi00OGQxLTkzYTctZWI5ZGY1ZGFkY2I0XkEyXkFqcGc@._V1_.jpg,Documentary,"Documentary, Crime",Errol Morris,"Charles Manson, Stephen Kay, Tom O'Neill, Errol Morris, Bobby Beausoleil, Gregg Jakobson, Sharon Tate, Jay Sebring","Charles Manson, Stephen Kay, Tom O'Neill, Errol Morris, Bobby Beausoleil, Gregg Jakobson, Sharon Tate, Jay Sebring, Voytek Frykowski, Abigail Folger","A deep dive into alternative theories surrounding the Manson murders reveals unexpected connections to government agencies, mind-control experiments and key figures from the era, challenging the accepted narrative."
tt35630700,Nuestros Tiempos,2025,90.0,5.0,3277.0,https://www.imdb.com/title/tt35630700/,https://m.media-amazon.com/images/M/MV5BMzI5YWVjYTktY2YxNy00YjA4LWIwNGQtYmIyNDQwMjQ4MzAwXkEyXkFqcGc@._V1_.jpg,Drama,"Drama, Sci-Fi",Chava Cartas,"Lucero, Benny Ibarra, Renata Vaca, Ofelia Medina, Andrés De León, Franklin Gamonal, Guadalupe Damián, Hugo Albores","Lucero, Benny Ibarra, Renata Vaca, Ofelia Medina, Andrés De León, Franklin Gamonal, Guadalupe Damián, Hugo Albores, Lore Graniewicz, Roberto Blancarte","In 1966, physicists Nora and Héctor time travel to 2025. As Nora thrives, Héctor struggles, leaving her torn between love and a world that empowers women."
tt36331860,"Love Me, Love Me",2026,99.0,4.0,5998.0,https://www.imdb.com/title/tt36331860/,https://m.media-amazon.com/images/M/MV5BNTQ3ZjMyNzItNzFkYi00YzFmLThlN2MtM2Q2OTMzNGY1NGViXkEyXkFqcGc@._V1_.jpg,Drama,"Drama, Romance",Roger Kumble,"Mia Jenkins, Pepe Barroso, Luca Melucci, Andrea Guo, Michelangelo Vizzini, Madior Fall, Vanessa Donghi, Elizabeth Kinnear","Mia Jenkins, Pepe Barroso, Luca Melucci, Andrea Guo, Michelangelo Vizzini, Madior Fall, Vanessa Donghi, Elizabeth Kinnear, Tommaso Caporali, Bruno Cabrerizo","After her brother's death, June (Mia Jenkins) moves to Milan for a fresh start, finding comfort in Will (Luca Melucci), the perfect honor student at her new international school. But when his troubled best friend James (Pepe Barroso)---hiding a dangerous life in clandestine MMA fights---sparks a rivalry that quickly turns into irresistible attraction, June must choose between safety and a love that upends everything she thought she wanted."
tt36351149,Oklahoma City Bombing: American Terror,2025,83.0,7.0,3935.0,https://www.imdb.com/title/tt36351149/,https://m.media-amazon.com/images/M/MV5BZWNhYmUyMTgtOWZiOC00ZjUzLThjMDYtZDY2Y2Q0ZDQ4NmUxXkEyXkFqcGc@._V1_.jpg,Documentary,"Documentary, Crime",Greg Tillman,"Amy Downs, Renee Moore, Robin Marsh, Carl Spengler, Bob Ricks, Charlie Hanger, Marsha Moritz, Lee Hancock","Amy Downs, Renee Moore, Robin Marsh, Carl Spengler, Bob Ricks, Charlie Hanger, Marsha Moritz, Lee Hancock, Jenifer Reynolds, Walt Lamar",Examines the devastating 1995 Oklahoma City federal building bombing - the worst domestic terror attack in US history.
tt38095263,27 noches,2025,107.0,6.0,1834.0,https://www.imdb.com/title/tt38095263/,https://m.media-amazon.com/images/M/MV5BZjQwOTVhMzktN2Y3MC00YzEyLTlhYTgtZDMwNDQ2MDM3NTM0XkEyXkFqcGc@._V1_.jpg,Comedy,"Comedy, Drama",Daniel Hendler,"Marilú Marini, Daniel Hendler, Humberto Tortonese, Julieta Zylberberg, Paula Grinszpan, Carla Peterson, Fernando Amaral, Jimena Anganuzzi","Marilú Marini, Daniel Hendler, Humberto Tortonese, Julieta Zylberberg, Paula Grinszpan, Carla Peterson, Fernando Amaral, Jimena Anganuzzi, Ramiro Agüero, Raquel Ameri","Martha Hoffman, an eccentric and wealthy 83-year-old patron, is admitted to a psychiatric clinic at the request of her daughters, who claim she suffers from dementia. The judicial expert Casares investigates whether Martha is truly ill or if she has simply chosen to live her last years with absolute freedom, while questioning whether the admission is an act of protection or an attempt to control her fortune."
tt38589464,Non abbiam bisogno di parole,2026,106.0,7.0,1912.0,https://www.imdb.com/title/tt38589464/,https://m.media-amazon.com/images/M/MV5BZWZlNDE5ZTgtMGRmNi00ZmY1LTk3ZTQtNDdhYzM1OGQ2M2VlXkEyXkFqcGc@._V1_.jpg,Comedy,"Comedy, Drama",Luca Ribuoli,"Sarah Toscano, Emilio Insolera, Carola Insolera, Serena Rossi, Alberto Barbi, Antonio Iorillo, Asia Corvino, Chiara Bertoncello","Sarah Toscano, Emilio Insolera, Carola Insolera, Serena Rossi, Alberto Barbi, Antonio Iorillo, Asia Corvino, Chiara Bertoncello, Mario Bois, Paolo Giangrasso","A teenager, the only hearing member of a deaf family, finds her voice and learns to believe in herself through her passion for singing."
tt38872297,Chô Kaguya-hime!,2026,143.0,7.0,3251.0,https://www.imdb.com/title/tt38872297/,https://m.media-amazon.com/images/M/MV5BNjY1OTAwNmUtYjY3Ny00MTFjLTk5MDctZmNiNTYwZTAyOWE1XkEyXkFqcGc@._V1_.jpg,Animation,"Animation, Drama, Fantasy, Music, Sci-Fi",Shingo Yamashita,"Yuko Natsuyoshi, Anna Nagase, Saori Hayami, Miyu Irino, Yuma Uchida, Yoshitsugu Matsuoka, Yoshino Aoyama, Konomi Kohara","Yuko Natsuyoshi, Anna Nagase, Saori Hayami, Miyu Irino, Yuma Uchida, Yoshitsugu Matsuoka, Yoshino Aoyama, Konomi Kohara, Rie Kugimiya, Natsuki Hanae","17-year-old Iroha leads a busy life juggling school and part-time work. Enter Kaguya, a mysterious girl from the moon who crash-lands into her life."
tt39049795,Evil Influencer: The Jodi Hildebrandt Story,2025,100.0,6.0,4912.0,https://www.imdb.com/title/tt39049795/,https://m.media-amazon.com/images/M/MV5BM2U4OThhNGYtZjdkMS00NDM2LWJlMjYtNTVjMzk0YzM3YTIzXkEyXkFqcGc@._V1_.jpg,Documentary,"Documentary, Crime",Skye Borgman,"Jodi Hildebrandt, Jessica Bate, Eric Clarke, Ethan Prete, Valerie Jackson, Natasha Helfer, Laura Howells Leavitt, Kathy Kinghorn","Jodi Hildebrandt, Jessica Bate, Eric Clarke, Ethan Prete, Valerie Jackson, Natasha Helfer, Laura Howells Leavitt, Kathy Kinghorn, Christi Judd, James E. Faust","Unravel the case of Utah therapist Jodi Hildebrandt, whose child abuse arrest with parenting Youtuber Ruby Franke exposed a twisted tale of manipulation."
tt39139925,Dhurandhar: The Revenge,2026,235.0,8.0,71794.0,https://www.imdb.com/title/tt39139925/,https://m.media-amazon.com/images/M/MV5BMzE2ZmIzNTEtZTE1OS00ZDFhLTk2Y2YtZDEyNGIxNTdiYWFlXkEyXkFqcGc@._V1_.jpg,Action,"Action, Crime, Thriller",Aditya Dhar,"Ranveer Singh, Akshaye Khanna, Sanjay Dutt, Arjun Rampal, Madhavan, Yami Gautam, Sara Arjun, Rakesh Bedi","Ranveer Singh, Akshaye Khanna, Sanjay Dutt, Arjun Rampal, Madhavan, Yami Gautam, Sara Arjun, Rakesh Bedi, Gaurav Gera, Manav Gohil","Jaskirat Singh Rangi buries his identity beneath the calloused skin of a Karachi gangster. A sudden power vacuum opens the underworld gates, and he lunges forward, seizing control of the local syndicate to hunt the architects of a past atrocity. The path demands total submission to the lie. As a suspicious military adversary closes the trap, Jaskirat orchestrates volatile alliances to shield his true allegiance. The survival of his operation requires absolute ruthlessness. Trapped between the cold mandates of his handlers and the immediate affection of local allies, he pivots sharply into his defining vice of reckless, insubordinate aggression. He stakes everything on a high-risk gamble, knowingly exposing those around him to a catastrophic reckoning."
tt39162904,Queen of Chess,2026,93.0,8.0,4931.0,https://www.imdb.com/title/tt39162904/,https://m.media-amazon.com/images/M/MV5BZDRjZTJlYmQtZjMzMC00Y2U3LThjOWYtNDEzYmI0OWUyZWFmXkEyXkFqcGc@._V1_.jpg,Documentary,"Documentary, Biography",Rory Kennedy,"Bobby Fischer, Garry Kasparov, Harut Akopyan, Ian Russell, Judit Polgár, Rachel Wolf, Sofia Polgár, Susan Polgar","Bobby Fischer, Garry Kasparov, Harut Akopyan, Ian Russell, Judit Polgár, Rachel Wolf, Sofia Polgár, Susan Polgar, Tatev Abrahamyam","Hungarian chess prodigy Judit Polgár challenges champion Garry Kasparov and her controlling father over 15 years, breaking gender barriers to become the greatest female player ever and one of history's finest."
tt40792117,The Crash,2026,92.0,7.0,13752.0,https://www.imdb.com/title/tt40792117/,https://m.media-amazon.com/images/M/MV5BZDg4ZmI0NTUtOGMyMi00ZDgyLTg4ZTQtM2ViYjlmN2E2ODU4XkEyXkFqcGc@._V1_.jpg,Documentary,"Documentary, Crime",Gareth Johnson,"Mackenzie Shirilla, Dominic Russo, Davion Flanagan, Rosie Graham, Bubba Turner, Natalie Shirilla, Steve Shirilla, Frank Russo","Mackenzie Shirilla, Dominic Russo, Davion Flanagan, Rosie Graham, Bubba Turner, Natalie Shirilla, Steve Shirilla, Frank Russo, Christine Russo, Davyne Flanagan","Follows the Mackenzie Shirilla case, a 17-year-old who intentionally crashed her car into a brick wall in Ohio, killing her boyfriend Dominic Russo and his friend Davion Flanagan."
tt4196566,The Deliverance,2024,112.0,5.0,25957.0,https://www.imdb.com/title/tt4196566/,https://m.media-amazon.com/images/M/MV5BNWI2ZWFkNTAtYjA0NS00NzZkLWE1NzMtNGRkMmY2MzEwZWRkXkEyXkFqcGc@._V1_.jpg,Drama,"Drama, Horror, Mystery, Thriller",Lee Daniels,"Andra Day, Glenn Close, Anthony B. Jenkins, Caleb McLaughlin, Demi Singleton, Aunjanue Ellis-Taylor, Mo'Nique, Omar Epps","Andra Day, Glenn Close, Anthony B. Jenkins, Caleb McLaughlin, Demi Singleton, Aunjanue Ellis-Taylor, Mo'Nique, Omar Epps, Miss Lawrence, Javion Allen","In a case widely covered at the time, Latoya Ammons and her three children experienced strange incidents in their Gary, Indiana home that grew progressively worse: the children were levitating, becoming violent with one another, and speaking in deep growls with no recollection afterward. Skeptics abounded, but the Gary Police Department, Department of Child Services, and the local church and hospital all became involved, filing reports that took the supernatural occurrences seriously. Officers, doctors, and social workers said they witnessed many of the incidents, including one in which Latoya's 9-year-old son walked backwards up a wall. The Indianapolis Star covered it closely as the Department of Child Services investigated it."
tt4978342,My Oxford Year,2025,112.0,6.0,31641.0,https://www.imdb.com/title/tt4978342/,https://m.media-amazon.com/images/M/MV5BMWU0YTc0OWYtOWJjNy00ZDYzLWFlMTItMGZkNzM4YjQ5OWQzXkEyXkFqcGc@._V1_.jpg,Comedy,"Comedy, Drama, Romance",Iain Morris,"Sofia Carson, Corey Mylchreest, Dougray Scott, Catherine McCormack, Harry Trevaldwyn, Esmé Kingdom, Nikhil Parmar, Poppy Gilbert","Sofia Carson, Corey Mylchreest, Dougray Scott, Catherine McCormack, Harry Trevaldwyn, Esmé Kingdom, Nikhil Parmar, Poppy Gilbert, Romina Cocca, Yadier Fernández","When Anna, an ambitious young American woman, sets out for Oxford University to fulfill a childhood dream, she has her life completely on track until she meets a charming and clever local who profoundly alters both of their lives."
tt4996328,Ordinary Angels,2024,118.0,7.0,23034.0,https://www.imdb.com/title/tt4996328/,https://m.media-amazon.com/images/M/MV5BMzg3OTliZDMtNTBhYy00OGMzLTlhZmUtMDMyNjQ4NDc4MDk5XkEyXkFqcGc@._V1_.jpg,Biography,"Biography, Drama",Jon Gunn,"Hilary Swank, Alan Ritchson, Emily Mitchell, Skywalker Hughes, Nancy Travis, Tamala Jones, Don Mike, Ryan Allen","Hilary Swank, Alan Ritchson, Emily Mitchell, Skywalker Hughes, Nancy Travis, Tamala Jones, Don Mike, Ryan Allen, Drew Powell, Andrea del Campo","Based on a remarkable true story, ORDINARY ANGELS centers on Sharon Stevens (Hilary Swank), a fierce but struggling hairdresser in small-town Kentucky who discovers a renewed sense of purpose when she meets Ed Schmitt (Alan Ritchson), a widower working hard to make ends meet for his two daughters. With his youngest daughter waiting for a liver transplant, Sharon sets her mind to helping the family and will move mountains to do it. What unfolds is the inspiring tale of faith, everyday miracles, and ordinary angels."
tt5198890,Eileen,2023,97.0,6.0,20927.0,https://www.imdb.com/title/tt5198890/,https://m.media-amazon.com/images/M/MV5BNGNjMzc3ZWMtODc0MS00MWU3LTkxMDMtMjQ4MjhkZmRmNzMwXkEyXkFqcGc@._V1_.jpg,Drama,"Drama, Mystery, Romance, Thriller",William Oldroyd,"Thomasin McKenzie, Shea Whigham, Sam Nivola, Siobhan Fallon Hogan, Tonye Patano, William Hill, Owen Teague, Peter McRobbie","Thomasin McKenzie, Shea Whigham, Sam Nivola, Siobhan Fallon Hogan, Tonye Patano, William Hill, Owen Teague, Peter McRobbie, Peter Von Berg, Patrick Noonan","The stagnant waters of Eileen's dull, stifled life as a solitary worker at a juvenile detention center in 1960s Boston, are unexpectedly disrupted when the institution brings in a new psychologist, the vibrant Rebecca. The fervent enthusiasm that blossoms between the two women almost immediately gives way to a closer relationship, until their fragile connection takes a dramatic turn."
tt6436620,White Men Can't Jump,2023,101.0,5.0,12012.0,https://www.imdb.com/title/tt6436620/,https://m.media-amazon.com/images/M/MV5BMjgyM2Y5ZWUtMzdmMS00ZGJkLWJlODItZWI3MDM2YjMzMTY4XkEyXkFqcGc@._V1_.jpg,Comedy,"Comedy, Drama, Sport",Calmatic,"Sinqua Walls, Jack Harlow, Lance Reddick, Teyana Taylor, Laura Harrier, Myles Bullock, Vince Staples, Zak Steiner","Sinqua Walls, Jack Harlow, Lance Reddick, Teyana Taylor, Laura Harrier, Myles Bullock, Vince Staples, Zak Steiner, J. Alphonse Nicholson, Aiden Shute",A remake of the 1992 film about a pair of basketball hustlers who team up to earn extra cash.
tt7038762,Best. Christmas. Ever!,2023,82.0,5.0,12290.0,https://www.imdb.com/title/tt7038762/,https://m.media-amazon.com/images/M/MV5BMTM1MTdkYjUtMzQxNS00NzAxLWI3OWMtNjIyNTgyMzViNGE5XkEyXkFqcGc@._V1_.jpg,Comedy,"Comedy, Romance",Mary Lambert,"Heather Graham, Brandy Norwood, Jason Biggs, Matt Cedeño, Wyatt Hunt, Abby Villasmil, Madison Skye Validum, Nadia Sine","Heather Graham, Brandy Norwood, Jason Biggs, Matt Cedeño, Wyatt Hunt, Abby Villasmil, Madison Skye Validum, Nadia Sine, Janet Lo, Allan Groves","Every Christmas, without fail, Jackie sends a boastful holiday newsletter that makes her old college friend Charlotte feel like a lump of coal. When a twist of fate lands Charlotte, her husband Rob, and their family on Jackie and her husband Valentino's snowy doorstep just days before Christmas, Charlotte seizes the opportunity to prove that her old friend's ""perfect"" life can't possibly be that perfect. But in her overzealous attempt to expose Jackie, Charlotte nearly ruins Christmas for both families and must team up with her old friend to reassemble the pieces."
tt9044418,MR-9: Do or Die,2023,106.0,3.0,1587.0,https://www.imdb.com/title/tt9044418/,https://m.media-amazon.com/images/M/MV5BNGE3ZDkxNTEtM2QwMS00MmEzLWFhMjQtMTk3OWM3ZTNhM2RiXkEyXkFqcGc@._V1_.jpg,Action,"Action, Drama, Thriller",Asif Akbar,"Dav Coretti, Frank Grillo, James Moses Black, Kelly Greyson, Matt Passmore, Michael Jai White, Niko Foster, Oleg Prudius","Dav Coretti, Frank Grillo, James Moses Black, Kelly Greyson, Matt Passmore, Michael Jai White, Niko Foster, Oleg Prudius, Omi Vaidya, Vincent E. McDaniel","Masud Rana is a Secret Agent with code name MR-9 of the Bangladesh Counter Intelligence Agency, for over 55 years has appeared in the widely popular novels written by Qazi Anwar Husain, with over 550 and counting novels published in the series to date by his publishing company Sheba Prokashoni. This film is adapted from the original first novel ""Masud Rana: Dhonghsho Pahar"" (Demolition Hill)."
tt9603208,Mission: Impossible - The Final Reckoning,2025,169.0,7.0,240618.0,https://www.imdb.com/title/tt9603208/,https://m.media-amazon.com/images/M/MV5BZGQ5NGEyYTItMjNiMi00Y2EwLTkzOWItMjc5YjJiMjMyNTI0XkEyXkFqcGc@._V1_.jpg,Action,"Action, Adventure, Thriller",Christopher McQuarrie,"Tom Cruise, Hayley Atwell, Ving Rhames, Simon Pegg, Esai Morales, Pom Klementieff, Henry Czerny, Holt McCallany","Tom Cruise, Hayley Atwell, Ving Rhames, Simon Pegg, Esai Morales, Pom Klementieff, Henry Czerny, Holt McCallany, Janet McTeer, Nick Offerman","Ethan Hunt and the IMF team continue their search for the terrifying AI known as the Entity - which has infiltrated intelligence networks all over the globe - with the world's governments and a mysterious ghost from Ethan's past on their trail. Joined by new allies and armed with the means to shut the Entity down for good, Hunt is in a race against time to prevent the world as we know it from changing forever."
tt9619824,Final Destination Bloodlines,2025,110.0,7.0,171524.0,https://www.imdb.com/title/tt9619824/,https://m.media-amazon.com/images/M/MV5BMzc3OWFhZWItMTE2Yy00N2NmLTg1YTktNGVlNDY0ODQ5YjNlXkEyXkFqcGc@._V1_.jpg,Horror,"Horror, Thriller","Adam B. Stein, Zach Lipovsky","Kaitlyn Santa Juana, Teo Briones, Rya Kihlstedt, Richard Harmon, Owen Patrick Joyner, Anna Lore, Alex Zahara, April Telek","Kaitlyn Santa Juana, Teo Briones, Rya Kihlstedt, Richard Harmon, Owen Patrick Joyner, Anna Lore, Alex Zahara, April Telek, Tinpo Lee, Tony Todd","A teenage girl who has recurring nightmares of a tower collapse in the 1960s discovers that these nightmares are a premonition that she inherited from her grandmother. The grandmother predicted the collapse of the building and saved a group of people from death. Decades later, the granddaughter begins to have visions of her family members dying. Realizing that there is a sequence to it, she must fight to prevent Death from reclaiming her family's bloodline."
